name,car_sales_num,category,year-month
スズキ,48754,all,2020-07-01
ダイハツ,52835,all,2020-07-01
三菱,3182,all,2020-07-01
スバル,1987,all,2020-07-01
ホンダ,26783,all,2020-07-01
マツダ,3430,all,2020-07-01
日産,17024,all,2020-07-01
トヨタ,2991,all,2020-07-01
その他,5,all,2020-07-01
合計,156991,all,2020-07-01
スズキ,38417,passenger,2020-07-01
ダイハツ,40148,passenger,2020-07-01
三菱,2387,passenger,2020-07-01
スバル,1349,passenger,2020-07-01
ホンダ,22685,passenger,2020-07-01
マツダ,2705,passenger,2020-07-01
日産,13844,passenger,2020-07-01
トヨタ,1758,passenger,2020-07-01
その他,5,passenger,2020-07-01
合計,123298,passenger,2020-07-01
スズキ,10337,cargo,2020-07-01
ダイハツ,12687,cargo,2020-07-01
三菱,795,cargo,2020-07-01
スバル,638,cargo,2020-07-01
ホンダ,4098,cargo,2020-07-01
マツダ,725,cargo,2020-07-01
日産,3180,cargo,2020-07-01
トヨタ,1233,cargo,2020-07-01
その他,,cargo,2020-07-01
合計,33693,cargo,2020-07-01
スズキ,383,ban,2020-07-01
ダイハツ,53,ban,2020-07-01
三菱,,ban,2020-07-01
スバル,,ban,2020-07-01
ホンダ,2489,ban,2020-07-01
マツダ,,ban,2020-07-01
日産,,ban,2020-07-01
トヨタ,,ban,2020-07-01
その他,,ban,2020-07-01
合計,2925,ban,2020-07-01
スズキ,5353,camp,2020-07-01
ダイハツ,5999,camp,2020-07-01
三菱,521,camp,2020-07-01
スバル,279,camp,2020-07-01
ホンダ,1,camp,2020-07-01
マツダ,520,camp,2020-07-01
日産,2126,camp,2020-07-01
トヨタ,781,camp,2020-07-01
その他,,camp,2020-07-01
合計,15580,camp,2020-07-01
スズキ,4601,track,2020-07-01
ダイハツ,6635,track,2020-07-01
三菱,274,track,2020-07-01
スバル,359,track,2020-07-01
ホンダ,1608,track,2020-07-01
マツダ,205,track,2020-07-01
日産,1054,track,2020-07-01
トヨタ,452,track,2020-07-01
その他,,track,2020-07-01
合計,15188,track,2020-07-01
スズキ,35152,all,2022-05-01
ダイハツ,31639,all,2022-05-01
三菱,2758,all,2022-05-01
スバル,1326,all,2022-05-01
ホンダ,13668,all,2022-05-01
マツダ,2293,all,2022-05-01
日産,11025,all,2022-05-01
トヨタ,2216,all,2022-05-01
その他,2,all,2022-05-01
合計,100079,all,2022-05-01
スズキ,27982,passenger,2022-05-01
ダイハツ,20283,passenger,2022-05-01
三菱,2226,passenger,2022-05-01
スバル,752,passenger,2022-05-01
ホンダ,11948,passenger,2022-05-01
マツダ,1930,passenger,2022-05-01
日産,8754,passenger,2022-05-01
トヨタ,1574,passenger,2022-05-01
その他,2,passenger,2022-05-01
合計,75451,passenger,2022-05-01
スズキ,7170,cargo,2022-05-01
ダイハツ,11356,cargo,2022-05-01
三菱,532,cargo,2022-05-01
スバル,574,cargo,2022-05-01
ホンダ,1720,cargo,2022-05-01
マツダ,363,cargo,2022-05-01
日産,2271,cargo,2022-05-01
トヨタ,642,cargo,2022-05-01
その他,,cargo,2022-05-01
合計,24628,cargo,2022-05-01
スズキ,10,ban,2022-05-01
ダイハツ,,ban,2022-05-01
三菱,,ban,2022-05-01
スバル,,ban,2022-05-01
ホンダ,1649,ban,2022-05-01
マツダ,,ban,2022-05-01
日産,,ban,2022-05-01
トヨタ,,ban,2022-05-01
その他,,ban,2022-05-01
合計,1659,ban,2022-05-01
スズキ,3743,camp,2022-05-01
ダイハツ,5934,camp,2022-05-01
三菱,283,camp,2022-05-01
スバル,245,camp,2022-05-01
ホンダ,,camp,2022-05-01
マツダ,251,camp,2022-05-01
日産,1755,camp,2022-05-01
トヨタ,394,camp,2022-05-01
その他,,camp,2022-05-01
合計,12605,camp,2022-05-01
スズキ,3417,track,2022-05-01
ダイハツ,5422,track,2022-05-01
三菱,249,track,2022-05-01
スバル,329,track,2022-05-01
ホンダ,71,track,2022-05-01
マツダ,112,track,2022-05-01
日産,516,track,2022-05-01
トヨタ,248,track,2022-05-01
その他,,track,2022-05-01
合計,10364,track,2022-05-01
スズキ,48401,all,2022-11-01
ダイハツ,56753,all,2022-11-01
三菱,3502,all,2022-11-01
スバル,1633,all,2022-11-01
ホンダ,25655,all,2022-11-01
マツダ,2832,all,2022-11-01
日産,14766,all,2022-11-01
トヨタ,1985,all,2022-11-01
その他,11,all,2022-11-01
合計,155538,all,2022-11-01
スズキ,35841,passenger,2022-11-01
ダイハツ,38462,passenger,2022-11-01
三菱,2423,passenger,2022-11-01
スバル,828,passenger,2022-11-01
ホンダ,22759,passenger,2022-11-01
マツダ,2177,passenger,2022-11-01
日産,11715,passenger,2022-11-01
トヨタ,949,passenger,2022-11-01
その他,1,passenger,2022-11-01
合計,115155,passenger,2022-11-01
スズキ,12560,cargo,2022-11-01
ダイハツ,18291,cargo,2022-11-01
三菱,1079,cargo,2022-11-01
スバル,805,cargo,2022-11-01
ホンダ,2896,cargo,2022-11-01
マツダ,655,cargo,2022-11-01
日産,3051,cargo,2022-11-01
トヨタ,1036,cargo,2022-11-01
その他,10,cargo,2022-11-01
合計,40383,cargo,2022-11-01
スズキ,1384,ban,2022-11-01
ダイハツ,,ban,2022-11-01
三菱,,ban,2022-11-01
スバル,,ban,2022-11-01
ホンダ,2873,ban,2022-11-01
マツダ,,ban,2022-11-01
日産,,ban,2022-11-01
トヨタ,,ban,2022-11-01
その他,,ban,2022-11-01
合計,4257,ban,2022-11-01
スズキ,6052,camp,2022-11-01
ダイハツ,10291,camp,2022-11-01
三菱,790,camp,2022-11-01
スバル,454,camp,2022-11-01
ホンダ,,camp,2022-11-01
マツダ,453,camp,2022-11-01
日産,2297,camp,2022-11-01
トヨタ,742,camp,2022-11-01
その他,2,camp,2022-11-01
合計,21081,camp,2022-11-01
スズキ,5124,track,2022-11-01
ダイハツ,8000,track,2022-11-01
三菱,289,track,2022-11-01
スバル,351,track,2022-11-01
ホンダ,23,track,2022-11-01
マツダ,202,track,2022-11-01
日産,754,track,2022-11-01
トヨタ,294,track,2022-11-01
その他,8,track,2022-11-01
合計,15045,track,2022-11-01
スズキ,45104,all,2022-10-01
ダイハツ,55779,all,2022-10-01
三菱,3458,all,2022-10-01
スバル,1752,all,2022-10-01
ホンダ,22439,all,2022-10-01
マツダ,2724,all,2022-10-01
日産,14315,all,2022-10-01
トヨタ,2030,all,2022-10-01
その他,16,all,2022-10-01
合計,147617,all,2022-10-01
スズキ,34219,passenger,2022-10-01
ダイハツ,37116,passenger,2022-10-01
三菱,2566,passenger,2022-10-01
スバル,924,passenger,2022-10-01
ホンダ,20053,passenger,2022-10-01
マツダ,2163,passenger,2022-10-01
日産,11552,passenger,2022-10-01
トヨタ,1012,passenger,2022-10-01
その他,2,passenger,2022-10-01
合計,109607,passenger,2022-10-01
スズキ,10885,cargo,2022-10-01
ダイハツ,18663,cargo,2022-10-01
三菱,892,cargo,2022-10-01
スバル,828,cargo,2022-10-01
ホンダ,2386,cargo,2022-10-01
マツダ,561,cargo,2022-10-01
日産,2763,cargo,2022-10-01
トヨタ,1018,cargo,2022-10-01
その他,14,cargo,2022-10-01
合計,38010,cargo,2022-10-01
スズキ,1317,ban,2022-10-01
ダイハツ,,ban,2022-10-01
三菱,,ban,2022-10-01
スバル,,ban,2022-10-01
ホンダ,2348,ban,2022-10-01
マツダ,,ban,2022-10-01
日産,,ban,2022-10-01
トヨタ,,ban,2022-10-01
その他,,ban,2022-10-01
合計,3665,ban,2022-10-01
スズキ,5258,camp,2022-10-01
ダイハツ,9690,camp,2022-10-01
三菱,624,camp,2022-10-01
スバル,431,camp,2022-10-01
ホンダ,,camp,2022-10-01
マツダ,388,camp,2022-10-01
日産,2037,camp,2022-10-01
トヨタ,682,camp,2022-10-01
その他,1,camp,2022-10-01
合計,19111,camp,2022-10-01
スズキ,4310,track,2022-10-01
ダイハツ,8973,track,2022-10-01
三菱,268,track,2022-10-01
スバル,397,track,2022-10-01
ホンダ,38,track,2022-10-01
マツダ,173,track,2022-10-01
日産,726,track,2022-10-01
トヨタ,336,track,2022-10-01
その他,13,track,2022-10-01
合計,15234,track,2022-10-01
スズキ,36141,all,2022-04-01
ダイハツ,42474,all,2022-04-01
三菱,2424,all,2022-04-01
スバル,1590,all,2022-04-01
ホンダ,22554,all,2022-04-01
マツダ,2232,all,2022-04-01
日産,10481,all,2022-04-01
トヨタ,2958,all,2022-04-01
その他,5,all,2022-04-01
合計,120859,all,2022-04-01
スズキ,28214,passenger,2022-04-01
ダイハツ,27817,passenger,2022-04-01
三菱,1976,passenger,2022-04-01
スバル,860,passenger,2022-04-01
ホンダ,19778,passenger,2022-04-01
マツダ,1810,passenger,2022-04-01
日産,8431,passenger,2022-04-01
トヨタ,1892,passenger,2022-04-01
その他,5,passenger,2022-04-01
合計,90783,passenger,2022-04-01
スズキ,7927,cargo,2022-04-01
ダイハツ,14657,cargo,2022-04-01
三菱,448,cargo,2022-04-01
スバル,730,cargo,2022-04-01
ホンダ,2776,cargo,2022-04-01
マツダ,422,cargo,2022-04-01
日産,2050,cargo,2022-04-01
トヨタ,1066,cargo,2022-04-01
その他,,cargo,2022-04-01
合計,30076,cargo,2022-04-01
スズキ,26,ban,2022-04-01
ダイハツ,,ban,2022-04-01
三菱,,ban,2022-04-01
スバル,,ban,2022-04-01
ホンダ,2731,ban,2022-04-01
マツダ,,ban,2022-04-01
日産,,ban,2022-04-01
トヨタ,,ban,2022-04-01
その他,,ban,2022-04-01
合計,2757,ban,2022-04-01
スズキ,4144,camp,2022-04-01
ダイハツ,7425,camp,2022-04-01
三菱,265,camp,2022-04-01
スバル,297,camp,2022-04-01
ホンダ,,camp,2022-04-01
マツダ,304,camp,2022-04-01
日産,1650,camp,2022-04-01
トヨタ,671,camp,2022-04-01
その他,,camp,2022-04-01
合計,14756,camp,2022-04-01
スズキ,3757,track,2022-04-01
ダイハツ,7232,track,2022-04-01
三菱,183,track,2022-04-01
スバル,433,track,2022-04-01
ホンダ,45,track,2022-04-01
マツダ,118,track,2022-04-01
日産,400,track,2022-04-01
トヨタ,395,track,2022-04-01
その他,,track,2022-04-01
合計,12563,track,2022-04-01
スズキ,42090,all,2020-12-01
ダイハツ,45002,all,2020-12-01
三菱,2979,all,2020-12-01
スバル,1289,all,2020-12-01
ホンダ,24457,all,2020-12-01
マツダ,2431,all,2020-12-01
日産,15244,all,2020-12-01
トヨタ,2639,all,2020-12-01
その他,12,all,2020-12-01
合計,136143,all,2020-12-01
スズキ,32279,passenger,2020-12-01
ダイハツ,32963,passenger,2020-12-01
三菱,2380,passenger,2020-12-01
スバル,712,passenger,2020-12-01
ホンダ,19845,passenger,2020-12-01
マツダ,1987,passenger,2020-12-01
日産,12625,passenger,2020-12-01
トヨタ,1701,passenger,2020-12-01
その他,12,passenger,2020-12-01
合計,104504,passenger,2020-12-01
スズキ,9811,cargo,2020-12-01
ダイハツ,12039,cargo,2020-12-01
三菱,599,cargo,2020-12-01
スバル,577,cargo,2020-12-01
ホンダ,4612,cargo,2020-12-01
マツダ,444,cargo,2020-12-01
日産,2619,cargo,2020-12-01
トヨタ,938,cargo,2020-12-01
その他,,cargo,2020-12-01
合計,31639,cargo,2020-12-01
スズキ,281,ban,2020-12-01
ダイハツ,42,ban,2020-12-01
三菱,,ban,2020-12-01
スバル,,ban,2020-12-01
ホンダ,2767,ban,2020-12-01
マツダ,,ban,2020-12-01
日産,,ban,2020-12-01
トヨタ,,ban,2020-12-01
その他,,ban,2020-12-01
合計,3090,ban,2020-12-01
スズキ,5156,camp,2020-12-01
ダイハツ,5072,camp,2020-12-01
三菱,350,camp,2020-12-01
スバル,250,camp,2020-12-01
ホンダ,,camp,2020-12-01
マツダ,310,camp,2020-12-01
日産,1936,camp,2020-12-01
トヨタ,622,camp,2020-12-01
その他,,camp,2020-12-01
合計,13696,camp,2020-12-01
スズキ,4374,track,2020-12-01
ダイハツ,6925,track,2020-12-01
三菱,249,track,2020-12-01
スバル,327,track,2020-12-01
ホンダ,1845,track,2020-12-01
マツダ,134,track,2020-12-01
日産,683,track,2020-12-01
トヨタ,316,track,2020-12-01
その他,,track,2020-12-01
合計,14853,track,2020-12-01
スズキ,42277,all,2020-06-01
ダイハツ,37752,all,2020-06-01
三菱,3766,all,2020-06-01
スバル,1536,all,2020-06-01
ホンダ,23664,all,2020-06-01
マツダ,1827,all,2020-06-01
日産,19553,all,2020-06-01
トヨタ,2129,all,2020-06-01
その他,11,all,2020-06-01
合計,132515,all,2020-06-01
スズキ,33433,passenger,2020-06-01
ダイハツ,25863,passenger,2020-06-01
三菱,3102,passenger,2020-06-01
スバル,1023,passenger,2020-06-01
ホンダ,19449,passenger,2020-06-01
マツダ,1468,passenger,2020-06-01
日産,16209,passenger,2020-06-01
トヨタ,1207,passenger,2020-06-01
その他,11,passenger,2020-06-01
合計,101765,passenger,2020-06-01
スズキ,8844,cargo,2020-06-01
ダイハツ,11889,cargo,2020-06-01
三菱,664,cargo,2020-06-01
スバル,513,cargo,2020-06-01
ホンダ,4215,cargo,2020-06-01
マツダ,359,cargo,2020-06-01
日産,3344,cargo,2020-06-01
トヨタ,922,cargo,2020-06-01
その他,,cargo,2020-06-01
合計,30750,cargo,2020-06-01
スズキ,276,ban,2020-06-01
ダイハツ,44,ban,2020-06-01
三菱,,ban,2020-06-01
スバル,,ban,2020-06-01
ホンダ,2808,ban,2020-06-01
マツダ,,ban,2020-06-01
日産,,ban,2020-06-01
トヨタ,,ban,2020-06-01
その他,,ban,2020-06-01
合計,3128,ban,2020-06-01
スズキ,3485,camp,2020-06-01
ダイハツ,6024,camp,2020-06-01
三菱,386,camp,2020-06-01
スバル,225,camp,2020-06-01
ホンダ,,camp,2020-06-01
マツダ,201,camp,2020-06-01
日産,2419,camp,2020-06-01
トヨタ,577,camp,2020-06-01
その他,,camp,2020-06-01
合計,13317,camp,2020-06-01
スズキ,5083,track,2020-06-01
ダイハツ,5821,track,2020-06-01
三菱,278,track,2020-06-01
スバル,288,track,2020-06-01
ホンダ,1407,track,2020-06-01
マツダ,158,track,2020-06-01
日産,925,track,2020-06-01
トヨタ,345,track,2020-06-01
その他,,track,2020-06-01
合計,14305,track,2020-06-01
スズキ,45530,all,2020-10-01
ダイハツ,54815,all,2020-10-01
三菱,3268,all,2020-10-01
スバル,1784,all,2020-10-01
ホンダ,26871,all,2020-10-01
マツダ,3149,all,2020-10-01
日産,15174,all,2020-10-01
トヨタ,2943,all,2020-10-01
その他,13,all,2020-10-01
合計,153547,all,2020-10-01
スズキ,34953,passenger,2020-10-01
ダイハツ,41240,passenger,2020-10-01
三菱,2546,passenger,2020-10-01
スバル,987,passenger,2020-10-01
ホンダ,22180,passenger,2020-10-01
マツダ,2563,passenger,2020-10-01
日産,11955,passenger,2020-10-01
トヨタ,1999,passenger,2020-10-01
その他,13,passenger,2020-10-01
合計,118436,passenger,2020-10-01
スズキ,10577,cargo,2020-10-01
ダイハツ,13575,cargo,2020-10-01
三菱,722,cargo,2020-10-01
スバル,797,cargo,2020-10-01
ホンダ,4691,cargo,2020-10-01
マツダ,586,cargo,2020-10-01
日産,3219,cargo,2020-10-01
トヨタ,944,cargo,2020-10-01
その他,,cargo,2020-10-01
合計,35111,cargo,2020-10-01
スズキ,356,ban,2020-10-01
ダイハツ,52,ban,2020-10-01
三菱,,ban,2020-10-01
スバル,,ban,2020-10-01
ホンダ,2787,ban,2020-10-01
マツダ,,ban,2020-10-01
日産,,ban,2020-10-01
トヨタ,,ban,2020-10-01
その他,,ban,2020-10-01
合計,3195,ban,2020-10-01
スズキ,5268,camp,2020-10-01
ダイハツ,6203,camp,2020-10-01
三菱,442,camp,2020-10-01
スバル,349,camp,2020-10-01
ホンダ,,camp,2020-10-01
マツダ,399,camp,2020-10-01
日産,2215,camp,2020-10-01
トヨタ,575,camp,2020-10-01
その他,,camp,2020-10-01
合計,15451,camp,2020-10-01
スズキ,4953,track,2020-10-01
ダイハツ,7320,track,2020-10-01
三菱,280,track,2020-10-01
スバル,448,track,2020-10-01
ホンダ,1904,track,2020-10-01
マツダ,187,track,2020-10-01
日産,1004,track,2020-10-01
トヨタ,369,track,2020-10-01
その他,,track,2020-10-01
合計,16465,track,2020-10-01
スズキ,25910,all,2020-04-01
ダイハツ,33185,all,2020-04-01
三菱,1773,all,2020-04-01
スバル,1639,all,2020-04-01
ホンダ,22659,all,2020-04-01
マツダ,1966,all,2020-04-01
日産,8523,all,2020-04-01
トヨタ,2597,all,2020-04-01
その他,3,all,2020-04-01
合計,98255,all,2020-04-01
スズキ,19756,passenger,2020-04-01
ダイハツ,23698,passenger,2020-04-01
三菱,1327,passenger,2020-04-01
スバル,991,passenger,2020-04-01
ホンダ,19003,passenger,2020-04-01
マツダ,1603,passenger,2020-04-01
日産,6509,passenger,2020-04-01
トヨタ,1668,passenger,2020-04-01
その他,2,passenger,2020-04-01
合計,74557,passenger,2020-04-01
スズキ,6154,cargo,2020-04-01
ダイハツ,9487,cargo,2020-04-01
三菱,446,cargo,2020-04-01
スバル,648,cargo,2020-04-01
ホンダ,3656,cargo,2020-04-01
マツダ,363,cargo,2020-04-01
日産,2014,cargo,2020-04-01
トヨタ,929,cargo,2020-04-01
その他,1,cargo,2020-04-01
合計,23698,cargo,2020-04-01
スズキ,348,ban,2020-04-01
ダイハツ,37,ban,2020-04-01
三菱,,ban,2020-04-01
スバル,,ban,2020-04-01
ホンダ,2482,ban,2020-04-01
マツダ,,ban,2020-04-01
日産,,ban,2020-04-01
トヨタ,,ban,2020-04-01
その他,,ban,2020-04-01
合計,2867,ban,2020-04-01
スズキ,3017,camp,2020-04-01
ダイハツ,4310,camp,2020-04-01
三菱,309,camp,2020-04-01
スバル,322,camp,2020-04-01
ホンダ,,camp,2020-04-01
マツダ,236,camp,2020-04-01
日産,1416,camp,2020-04-01
トヨタ,594,camp,2020-04-01
その他,,camp,2020-04-01
合計,10204,camp,2020-04-01
スズキ,2789,track,2020-04-01
ダイハツ,5140,track,2020-04-01
三菱,137,track,2020-04-01
スバル,326,track,2020-04-01
ホンダ,1174,track,2020-04-01
マツダ,127,track,2020-04-01
日産,598,track,2020-04-01
トヨタ,335,track,2020-04-01
その他,1,track,2020-04-01
合計,10627,track,2020-04-01
スズキ,40606,all,2022-12-01
ダイハツ,46527,all,2022-12-01
三菱,3460,all,2022-12-01
スバル,1317,all,2022-12-01
ホンダ,24477,all,2022-12-01
マツダ,2515,all,2022-12-01
日産,14323,all,2022-12-01
トヨタ,2047,all,2022-12-01
その他,2,all,2022-12-01
合計,135274,all,2022-12-01
スズキ,31134,passenger,2022-12-01
ダイハツ,32581,passenger,2022-12-01
三菱,2737,passenger,2022-12-01
スバル,745,passenger,2022-12-01
ホンダ,21858,passenger,2022-12-01
マツダ,1978,passenger,2022-12-01
日産,11840,passenger,2022-12-01
トヨタ,662,passenger,2022-12-01
その他,2,passenger,2022-12-01
合計,103537,passenger,2022-12-01
スズキ,9472,cargo,2022-12-01
ダイハツ,13946,cargo,2022-12-01
三菱,723,cargo,2022-12-01
スバル,572,cargo,2022-12-01
ホンダ,2619,cargo,2022-12-01
マツダ,537,cargo,2022-12-01
日産,2483,cargo,2022-12-01
トヨタ,1385,cargo,2022-12-01
その他,,cargo,2022-12-01
合計,31737,cargo,2022-12-01
スズキ,1140,ban,2022-12-01
ダイハツ,,ban,2022-12-01
三菱,,ban,2022-12-01
スバル,,ban,2022-12-01
ホンダ,2611,ban,2022-12-01
マツダ,,ban,2022-12-01
日産,,ban,2022-12-01
トヨタ,,ban,2022-12-01
その他,,ban,2022-12-01
合計,3751,ban,2022-12-01
スズキ,4398,camp,2022-12-01
ダイハツ,7620,camp,2022-12-01
三菱,505,camp,2022-12-01
スバル,323,camp,2022-12-01
ホンダ,,camp,2022-12-01
マツダ,387,camp,2022-12-01
日産,1789,camp,2022-12-01
トヨタ,804,camp,2022-12-01
その他,,camp,2022-12-01
合計,15826,camp,2022-12-01
スズキ,3934,track,2022-12-01
ダイハツ,6326,track,2022-12-01
三菱,218,track,2022-12-01
スバル,249,track,2022-12-01
ホンダ,8,track,2022-12-01
マツダ,150,track,2022-12-01
日産,694,track,2022-12-01
トヨタ,581,track,2022-12-01
その他,,track,2022-12-01
合計,12160,track,2022-12-01
スズキ,41406,all,2022-06-01
ダイハツ,39023,all,2022-06-01
三菱,3528,all,2022-06-01
スバル,1533,all,2022-06-01
ホンダ,24916,all,2022-06-01
マツダ,2315,all,2022-06-01
日産,14531,all,2022-06-01
トヨタ,3112,all,2022-06-01
その他,2,all,2022-06-01
合計,130366,all,2022-06-01
スズキ,31183,passenger,2022-06-01
ダイハツ,25678,passenger,2022-06-01
三菱,2865,passenger,2022-06-01
スバル,809,passenger,2022-06-01
ホンダ,22041,passenger,2022-06-01
マツダ,1842,passenger,2022-06-01
日産,11712,passenger,2022-06-01
トヨタ,2265,passenger,2022-06-01
その他,2,passenger,2022-06-01
合計,98397,passenger,2022-06-01
スズキ,10223,cargo,2022-06-01
ダイハツ,13345,cargo,2022-06-01
三菱,663,cargo,2022-06-01
スバル,724,cargo,2022-06-01
ホンダ,2875,cargo,2022-06-01
マツダ,473,cargo,2022-06-01
日産,2819,cargo,2022-06-01
トヨタ,847,cargo,2022-06-01
その他,,cargo,2022-06-01
合計,31969,cargo,2022-06-01
スズキ,,ban,2022-06-01
ダイハツ,,ban,2022-06-01
三菱,,ban,2022-06-01
スバル,,ban,2022-06-01
ホンダ,2814,ban,2022-06-01
マツダ,,ban,2022-06-01
日産,,ban,2022-06-01
トヨタ,,ban,2022-06-01
その他,,ban,2022-06-01
合計,2814,ban,2022-06-01
スズキ,5044,camp,2022-06-01
ダイハツ,7207,camp,2022-06-01
三菱,427,camp,2022-06-01
スバル,324,camp,2022-06-01
ホンダ,,camp,2022-06-01
マツダ,321,camp,2022-06-01
日産,2189,camp,2022-06-01
トヨタ,538,camp,2022-06-01
その他,,camp,2022-06-01
合計,16050,camp,2022-06-01
スズキ,5179,track,2022-06-01
ダイハツ,6138,track,2022-06-01
三菱,236,track,2022-06-01
スバル,400,track,2022-06-01
ホンダ,61,track,2022-06-01
マツダ,152,track,2022-06-01
日産,630,track,2022-06-01
トヨタ,309,track,2022-06-01
その他,,track,2022-06-01
合計,13105,track,2022-06-01
スズキ,40108,all,2022-07-01
ダイハツ,43321,all,2022-07-01
三菱,3308,all,2022-07-01
スバル,1462,all,2022-07-01
ホンダ,25158,all,2022-07-01
マツダ,2219,all,2022-07-01
日産,16166,all,2022-07-01
トヨタ,3451,all,2022-07-01
その他,8,all,2022-07-01
合計,135201,all,2022-07-01
スズキ,30432,passenger,2022-07-01
ダイハツ,26743,passenger,2022-07-01
三菱,2658,passenger,2022-07-01
スバル,802,passenger,2022-07-01
ホンダ,22658,passenger,2022-07-01
マツダ,1720,passenger,2022-07-01
日産,13613,passenger,2022-07-01
トヨタ,2807,passenger,2022-07-01
その他,1,passenger,2022-07-01
合計,101434,passenger,2022-07-01
スズキ,9676,cargo,2022-07-01
ダイハツ,16578,cargo,2022-07-01
三菱,650,cargo,2022-07-01
スバル,660,cargo,2022-07-01
ホンダ,2500,cargo,2022-07-01
マツダ,499,cargo,2022-07-01
日産,2553,cargo,2022-07-01
トヨタ,644,cargo,2022-07-01
その他,7,cargo,2022-07-01
合計,33767,cargo,2022-07-01
スズキ,26,ban,2022-07-01
ダイハツ,,ban,2022-07-01
三菱,,ban,2022-07-01
スバル,,ban,2022-07-01
ホンダ,2452,ban,2022-07-01
マツダ,,ban,2022-07-01
日産,,ban,2022-07-01
トヨタ,,ban,2022-07-01
その他,,ban,2022-07-01
合計,2478,ban,2022-07-01
スズキ,5047,camp,2022-07-01
ダイハツ,8238,camp,2022-07-01
三菱,404,camp,2022-07-01
スバル,335,camp,2022-07-01
ホンダ,,camp,2022-07-01
マツダ,347,camp,2022-07-01
日産,1905,camp,2022-07-01
トヨタ,411,camp,2022-07-01
その他,6,camp,2022-07-01
合計,16693,camp,2022-07-01
スズキ,4603,track,2022-07-01
ダイハツ,8340,track,2022-07-01
三菱,246,track,2022-07-01
スバル,325,track,2022-07-01
ホンダ,48,track,2022-07-01
マツダ,152,track,2022-07-01
日産,648,track,2022-07-01
トヨタ,233,track,2022-07-01
その他,1,track,2022-07-01
合計,14596,track,2022-07-01
スズキ,19838,all,2020-05-01
ダイハツ,18462,all,2020-05-01
三菱,1857,all,2020-05-01
スバル,1009,all,2020-05-01
ホンダ,16125,all,2020-05-01
マツダ,1110,all,2020-05-01
日産,10071,all,2020-05-01
トヨタ,1833,all,2020-05-01
その他,2,all,2020-05-01
合計,70307,all,2020-05-01
スズキ,15255,passenger,2020-05-01
ダイハツ,10711,passenger,2020-05-01
三菱,1357,passenger,2020-05-01
スバル,474,passenger,2020-05-01
ホンダ,12956,passenger,2020-05-01
マツダ,944,passenger,2020-05-01
日産,7925,passenger,2020-05-01
トヨタ,999,passenger,2020-05-01
その他,2,passenger,2020-05-01
合計,50623,passenger,2020-05-01
スズキ,4583,cargo,2020-05-01
ダイハツ,7751,cargo,2020-05-01
三菱,500,cargo,2020-05-01
スバル,535,cargo,2020-05-01
ホンダ,3169,cargo,2020-05-01
マツダ,166,cargo,2020-05-01
日産,2146,cargo,2020-05-01
トヨタ,834,cargo,2020-05-01
その他,,cargo,2020-05-01
合計,19684,cargo,2020-05-01
スズキ,200,ban,2020-05-01
ダイハツ,30,ban,2020-05-01
三菱,,ban,2020-05-01
スバル,,ban,2020-05-01
ホンダ,2131,ban,2020-05-01
マツダ,,ban,2020-05-01
日産,,ban,2020-05-01
トヨタ,,ban,2020-05-01
その他,,ban,2020-05-01
合計,2361,ban,2020-05-01
スズキ,1814,camp,2020-05-01
ダイハツ,3498,camp,2020-05-01
三菱,344,camp,2020-05-01
スバル,266,camp,2020-05-01
ホンダ,,camp,2020-05-01
マツダ,106,camp,2020-05-01
日産,1542,camp,2020-05-01
トヨタ,554,camp,2020-05-01
その他,,camp,2020-05-01
合計,8124,camp,2020-05-01
スズキ,2569,track,2020-05-01
ダイハツ,4223,track,2020-05-01
三菱,156,track,2020-05-01
スバル,269,track,2020-05-01
ホンダ,1038,track,2020-05-01
マツダ,60,track,2020-05-01
日産,604,track,2020-05-01
トヨタ,280,track,2020-05-01
その他,,track,2020-05-01
合計,9199,track,2020-05-01
スズキ,48584,all,2020-11-01
ダイハツ,52523,all,2020-11-01
三菱,2874,all,2020-11-01
スバル,1603,all,2020-11-01
ホンダ,28168,all,2020-11-01
マツダ,2890,all,2020-11-01
日産,18995,all,2020-11-01
トヨタ,2889,all,2020-11-01
その他,6,all,2020-11-01
合計,158532,all,2020-11-01
スズキ,35383,passenger,2020-11-01
ダイハツ,37202,passenger,2020-11-01
三菱,2057,passenger,2020-11-01
スバル,866,passenger,2020-11-01
ホンダ,23248,passenger,2020-11-01
マツダ,2321,passenger,2020-11-01
日産,14867,passenger,2020-11-01
トヨタ,1919,passenger,2020-11-01
その他,5,passenger,2020-11-01
合計,117868,passenger,2020-11-01
スズキ,13201,cargo,2020-11-01
ダイハツ,15321,cargo,2020-11-01
三菱,817,cargo,2020-11-01
スバル,737,cargo,2020-11-01
ホンダ,4920,cargo,2020-11-01
マツダ,569,cargo,2020-11-01
日産,4128,cargo,2020-11-01
トヨタ,970,cargo,2020-11-01
その他,1,cargo,2020-11-01
合計,40664,cargo,2020-11-01
スズキ,346,ban,2020-11-01
ダイハツ,52,ban,2020-11-01
三菱,,ban,2020-11-01
スバル,,ban,2020-11-01
ホンダ,2993,ban,2020-11-01
マツダ,,ban,2020-11-01
日産,,ban,2020-11-01
トヨタ,,ban,2020-11-01
その他,,ban,2020-11-01
合計,3391,ban,2020-11-01
スズキ,7394,camp,2020-11-01
ダイハツ,7750,camp,2020-11-01
三菱,498,camp,2020-11-01
スバル,340,camp,2020-11-01
ホンダ,,camp,2020-11-01
マツダ,380,camp,2020-11-01
日産,3155,camp,2020-11-01
トヨタ,619,camp,2020-11-01
その他,,camp,2020-11-01
合計,20136,camp,2020-11-01
スズキ,5461,track,2020-11-01
ダイハツ,7519,track,2020-11-01
三菱,319,track,2020-11-01
スバル,397,track,2020-11-01
ホンダ,1927,track,2020-11-01
マツダ,189,track,2020-11-01
日産,973,track,2020-11-01
トヨタ,351,track,2020-11-01
その他,1,track,2020-11-01
合計,17137,track,2020-11-01
スズキ,41571,all,2020-01-01
ダイハツ,42346,all,2020-01-01
三菱,3638,all,2020-01-01
スバル,1821,all,2020-01-01
ホンダ,27009,all,2020-01-01
マツダ,2437,all,2020-01-01
日産,17741,all,2020-01-01
トヨタ,2071,all,2020-01-01
その他,5,all,2020-01-01
合計,138639,all,2020-01-01
スズキ,31815,passenger,2020-01-01
ダイハツ,31649,passenger,2020-01-01
三菱,2919,passenger,2020-01-01
スバル,1117,passenger,2020-01-01
ホンダ,23020,passenger,2020-01-01
マツダ,1845,passenger,2020-01-01
日産,14699,passenger,2020-01-01
トヨタ,1305,passenger,2020-01-01
その他,5,passenger,2020-01-01
合計,108374,passenger,2020-01-01
スズキ,9756,cargo,2020-01-01
ダイハツ,10697,cargo,2020-01-01
三菱,719,cargo,2020-01-01
スバル,704,cargo,2020-01-01
ホンダ,3989,cargo,2020-01-01
マツダ,592,cargo,2020-01-01
日産,3042,cargo,2020-01-01
トヨタ,766,cargo,2020-01-01
その他,,cargo,2020-01-01
合計,30265,cargo,2020-01-01
スズキ,383,ban,2020-01-01
ダイハツ,43,ban,2020-01-01
三菱,,ban,2020-01-01
スバル,,ban,2020-01-01
ホンダ,2687,ban,2020-01-01
マツダ,,ban,2020-01-01
日産,,ban,2020-01-01
トヨタ,,ban,2020-01-01
その他,,ban,2020-01-01
合計,3113,ban,2020-01-01
スズキ,4944,camp,2020-01-01
ダイハツ,4733,camp,2020-01-01
三菱,465,camp,2020-01-01
スバル,353,camp,2020-01-01
ホンダ,,camp,2020-01-01
マツダ,381,camp,2020-01-01
日産,2239,camp,2020-01-01
トヨタ,519,camp,2020-01-01
その他,,camp,2020-01-01
合計,13634,camp,2020-01-01
スズキ,4429,track,2020-01-01
ダイハツ,5921,track,2020-01-01
三菱,254,track,2020-01-01
スバル,351,track,2020-01-01
ホンダ,1302,track,2020-01-01
マツダ,211,track,2020-01-01
日産,803,track,2020-01-01
トヨタ,247,track,2020-01-01
その他,,track,2020-01-01
合計,13518,track,2020-01-01
スズキ,53704,all,2022-03-01
ダイハツ,52539,all,2022-03-01
三菱,5247,all,2022-03-01
スバル,2084,all,2022-03-01
ホンダ,39222,all,2022-03-01
マツダ,3536,all,2022-03-01
日産,26067,all,2022-03-01
トヨタ,3168,all,2022-03-01
その他,2,all,2022-03-01
合計,185569,all,2022-03-01
スズキ,40187,passenger,2022-03-01
ダイハツ,35971,passenger,2022-03-01
三菱,3981,passenger,2022-03-01
スバル,1156,passenger,2022-03-01
ホンダ,34972,passenger,2022-03-01
マツダ,2658,passenger,2022-03-01
日産,20999,passenger,2022-03-01
トヨタ,1923,passenger,2022-03-01
その他,2,passenger,2022-03-01
合計,141849,passenger,2022-03-01
スズキ,13517,cargo,2022-03-01
ダイハツ,16568,cargo,2022-03-01
三菱,1266,cargo,2022-03-01
スバル,928,cargo,2022-03-01
ホンダ,4250,cargo,2022-03-01
マツダ,878,cargo,2022-03-01
日産,5068,cargo,2022-03-01
トヨタ,1245,cargo,2022-03-01
その他,,cargo,2022-03-01
合計,43720,cargo,2022-03-01
スズキ,21,ban,2022-03-01
ダイハツ,,ban,2022-03-01
三菱,,ban,2022-03-01
スバル,,ban,2022-03-01
ホンダ,4132,ban,2022-03-01
マツダ,,ban,2022-03-01
日産,,ban,2022-03-01
トヨタ,,ban,2022-03-01
その他,,ban,2022-03-01
合計,4153,ban,2022-03-01
スズキ,7221,camp,2022-03-01
ダイハツ,8981,camp,2022-03-01
三菱,900,camp,2022-03-01
スバル,377,camp,2022-03-01
ホンダ,,camp,2022-03-01
マツダ,616,camp,2022-03-01
日産,4168,camp,2022-03-01
トヨタ,777,camp,2022-03-01
その他,,camp,2022-03-01
合計,23040,camp,2022-03-01
スズキ,6275,track,2022-03-01
ダイハツ,7587,track,2022-03-01
三菱,366,track,2022-03-01
スバル,551,track,2022-03-01
ホンダ,118,track,2022-03-01
マツダ,262,track,2022-03-01
日産,900,track,2022-03-01
トヨタ,468,track,2022-03-01
その他,,track,2022-03-01
合計,16527,track,2022-03-01
スズキ,39619,all,2022-02-01
ダイハツ,44856,all,2022-02-01
三菱,3384,all,2022-02-01
スバル,1639,all,2022-02-01
ホンダ,29805,all,2022-02-01
マツダ,2218,all,2022-02-01
日産,16872,all,2022-02-01
トヨタ,2573,all,2022-02-01
その他,3,all,2022-02-01
合計,140969,all,2022-02-01
スズキ,30124,passenger,2022-02-01
ダイハツ,28451,passenger,2022-02-01
三菱,2585,passenger,2022-02-01
スバル,822,passenger,2022-02-01
ホンダ,26642,passenger,2022-02-01
マツダ,1672,passenger,2022-02-01
日産,13464,passenger,2022-02-01
トヨタ,1356,passenger,2022-02-01
その他,3,passenger,2022-02-01
合計,105119,passenger,2022-02-01
スズキ,9495,cargo,2022-02-01
ダイハツ,16405,cargo,2022-02-01
三菱,799,cargo,2022-02-01
スバル,817,cargo,2022-02-01
ホンダ,3163,cargo,2022-02-01
マツダ,546,cargo,2022-02-01
日産,3408,cargo,2022-02-01
トヨタ,1217,cargo,2022-02-01
その他,,cargo,2022-02-01
合計,35850,cargo,2022-02-01
スズキ,8,ban,2022-02-01
ダイハツ,,ban,2022-02-01
三菱,,ban,2022-02-01
スバル,,ban,2022-02-01
ホンダ,3066,ban,2022-02-01
マツダ,,ban,2022-02-01
日産,,ban,2022-02-01
トヨタ,,ban,2022-02-01
その他,,ban,2022-02-01
合計,3074,ban,2022-02-01
スズキ,5426,camp,2022-02-01
ダイハツ,7770,camp,2022-02-01
三菱,557,camp,2022-02-01
スバル,384,camp,2022-02-01
ホンダ,,camp,2022-02-01
マツダ,418,camp,2022-02-01
日産,2770,camp,2022-02-01
トヨタ,720,camp,2022-02-01
その他,,camp,2022-02-01
合計,18045,camp,2022-02-01
スズキ,4061,track,2022-02-01
ダイハツ,8635,track,2022-02-01
三菱,242,track,2022-02-01
スバル,433,track,2022-02-01
ホンダ,97,track,2022-02-01
マツダ,128,track,2022-02-01
日産,638,track,2022-02-01
トヨタ,497,track,2022-02-01
その他,,track,2022-02-01
合計,14731,track,2022-02-01
スズキ,47428,all,2020-02-01
ダイハツ,48856,all,2020-02-01
三菱,4341,all,2020-02-01
スバル,1933,all,2020-02-01
ホンダ,34879,all,2020-02-01
マツダ,2909,all,2020-02-01
日産,19354,all,2020-02-01
トヨタ,2178,all,2020-02-01
その他,5,all,2020-02-01
合計,161883,all,2020-02-01
スズキ,36533,passenger,2020-02-01
ダイハツ,37579,passenger,2020-02-01
三菱,3421,passenger,2020-02-01
スバル,1182,passenger,2020-02-01
ホンダ,30724,passenger,2020-02-01
マツダ,2256,passenger,2020-02-01
日産,15950,passenger,2020-02-01
トヨタ,1247,passenger,2020-02-01
その他,5,passenger,2020-02-01
合計,128897,passenger,2020-02-01
スズキ,10895,cargo,2020-02-01
ダイハツ,11277,cargo,2020-02-01
三菱,920,cargo,2020-02-01
スバル,751,cargo,2020-02-01
ホンダ,4155,cargo,2020-02-01
マツダ,653,cargo,2020-02-01
日産,3404,cargo,2020-02-01
トヨタ,931,cargo,2020-02-01
その他,,cargo,2020-02-01
合計,32986,cargo,2020-02-01
スズキ,435,ban,2020-02-01
ダイハツ,70,ban,2020-02-01
三菱,,ban,2020-02-01
スバル,,ban,2020-02-01
ホンダ,2836,ban,2020-02-01
マツダ,,ban,2020-02-01
日産,,ban,2020-02-01
トヨタ,,ban,2020-02-01
その他,,ban,2020-02-01
合計,3341,ban,2020-02-01
スズキ,5671,camp,2020-02-01
ダイハツ,5072,camp,2020-02-01
三菱,613,camp,2020-02-01
スバル,337,camp,2020-02-01
ホンダ,,camp,2020-02-01
マツダ,439,camp,2020-02-01
日産,2561,camp,2020-02-01
トヨタ,644,camp,2020-02-01
その他,,camp,2020-02-01
合計,15337,camp,2020-02-01
スズキ,4789,track,2020-02-01
ダイハツ,6135,track,2020-02-01
三菱,307,track,2020-02-01
スバル,414,track,2020-02-01
ホンダ,1319,track,2020-02-01
マツダ,214,track,2020-02-01
日産,843,track,2020-02-01
トヨタ,287,track,2020-02-01
その他,,track,2020-02-01
合計,14308,track,2020-02-01
スズキ,39301,all,2019-12-01
ダイハツ,35366,all,2019-12-01
三菱,2586,all,2019-12-01
スバル,1491,all,2019-12-01
ホンダ,21549,all,2019-12-01
マツダ,2223,all,2019-12-01
日産,13074,all,2019-12-01
トヨタ,2327,all,2019-12-01
その他,7,all,2019-12-01
合計,117924,all,2019-12-01
スズキ,30185,passenger,2019-12-01
ダイハツ,24737,passenger,2019-12-01
三菱,1982,passenger,2019-12-01
スバル,862,passenger,2019-12-01
ホンダ,18049,passenger,2019-12-01
マツダ,1724,passenger,2019-12-01
日産,10436,passenger,2019-12-01
トヨタ,1531,passenger,2019-12-01
その他,7,passenger,2019-12-01
合計,89513,passenger,2019-12-01
スズキ,9116,cargo,2019-12-01
ダイハツ,10629,cargo,2019-12-01
三菱,604,cargo,2019-12-01
スバル,629,cargo,2019-12-01
ホンダ,3500,cargo,2019-12-01
マツダ,499,cargo,2019-12-01
日産,2638,cargo,2019-12-01
トヨタ,796,cargo,2019-12-01
その他,,cargo,2019-12-01
合計,28411,cargo,2019-12-01
スズキ,355,ban,2019-12-01
ダイハツ,33,ban,2019-12-01
三菱,,ban,2019-12-01
スバル,,ban,2019-12-01
ホンダ,2387,ban,2019-12-01
マツダ,,ban,2019-12-01
日産,,ban,2019-12-01
トヨタ,,ban,2019-12-01
その他,,ban,2019-12-01
合計,2775,ban,2019-12-01
スズキ,4579,camp,2019-12-01
ダイハツ,4875,camp,2019-12-01
三菱,387,camp,2019-12-01
スバル,333,camp,2019-12-01
ホンダ,,camp,2019-12-01
マツダ,349,camp,2019-12-01
日産,1901,camp,2019-12-01
トヨタ,546,camp,2019-12-01
その他,,camp,2019-12-01
合計,12970,camp,2019-12-01
スズキ,4182,track,2019-12-01
ダイハツ,5721,track,2019-12-01
三菱,217,track,2019-12-01
スバル,296,track,2019-12-01
ホンダ,1113,track,2019-12-01
マツダ,150,track,2019-12-01
日産,737,track,2019-12-01
トヨタ,250,track,2019-12-01
その他,,track,2019-12-01
合計,12666,track,2019-12-01
スズキ,36765,all,2022-01-01
ダイハツ,41295,all,2022-01-01
三菱,2487,all,2022-01-01
スバル,1489,all,2022-01-01
ホンダ,27177,all,2022-01-01
マツダ,2408,all,2022-01-01
日産,8454,all,2022-01-01
トヨタ,2498,all,2022-01-01
その他,3,all,2022-01-01
合計,122576,all,2022-01-01
スズキ,26509,passenger,2022-01-01
ダイハツ,28084,passenger,2022-01-01
三菱,1856,passenger,2022-01-01
スバル,723,passenger,2022-01-01
ホンダ,24265,passenger,2022-01-01
マツダ,1769,passenger,2022-01-01
日産,5590,passenger,2022-01-01
トヨタ,1720,passenger,2022-01-01
その他,3,passenger,2022-01-01
合計,90519,passenger,2022-01-01
スズキ,10256,cargo,2022-01-01
ダイハツ,13211,cargo,2022-01-01
三菱,631,cargo,2022-01-01
スバル,766,cargo,2022-01-01
ホンダ,2912,cargo,2022-01-01
マツダ,639,cargo,2022-01-01
日産,2864,cargo,2022-01-01
トヨタ,778,cargo,2022-01-01
その他,,cargo,2022-01-01
合計,32057,cargo,2022-01-01
スズキ,17,ban,2022-01-01
ダイハツ,,ban,2022-01-01
三菱,,ban,2022-01-01
スバル,,ban,2022-01-01
ホンダ,2766,ban,2022-01-01
マツダ,,ban,2022-01-01
日産,,ban,2022-01-01
トヨタ,,ban,2022-01-01
その他,,ban,2022-01-01
合計,2783,ban,2022-01-01
スズキ,5000,camp,2022-01-01
ダイハツ,6517,camp,2022-01-01
三菱,403,camp,2022-01-01
スバル,375,camp,2022-01-01
ホンダ,,camp,2022-01-01
マツダ,466,camp,2022-01-01
日産,2229,camp,2022-01-01
トヨタ,451,camp,2022-01-01
その他,,camp,2022-01-01
合計,15441,camp,2022-01-01
スズキ,5239,track,2022-01-01
ダイハツ,6694,track,2022-01-01
三菱,228,track,2022-01-01
スバル,391,track,2022-01-01
ホンダ,146,track,2022-01-01
マツダ,173,track,2022-01-01
日産,635,track,2022-01-01
トヨタ,327,track,2022-01-01
その他,,track,2022-01-01
合計,13833,track,2022-01-01
スズキ,63968,all,2020-03-01
ダイハツ,60637,all,2020-03-01
三菱,8028,all,2020-03-01
スバル,2462,all,2020-03-01
ホンダ,38145,all,2020-03-01
マツダ,6154,all,2020-03-01
日産,24009,all,2020-03-01
トヨタ,3072,all,2020-03-01
その他,8,all,2020-03-01
合計,206483,all,2020-03-01
スズキ,49389,passenger,2020-03-01
ダイハツ,46149,passenger,2020-03-01
三菱,6713,passenger,2020-03-01
スバル,1513,passenger,2020-03-01
ホンダ,32815,passenger,2020-03-01
マツダ,5027,passenger,2020-03-01
日産,19713,passenger,2020-03-01
トヨタ,2015,passenger,2020-03-01
その他,8,passenger,2020-03-01
合計,163342,passenger,2020-03-01
スズキ,14579,cargo,2020-03-01
ダイハツ,14488,cargo,2020-03-01
三菱,1315,cargo,2020-03-01
スバル,949,cargo,2020-03-01
ホンダ,5330,cargo,2020-03-01
マツダ,1127,cargo,2020-03-01
日産,4296,cargo,2020-03-01
トヨタ,1057,cargo,2020-03-01
その他,,cargo,2020-03-01
合計,43141,cargo,2020-03-01
スズキ,632,ban,2020-03-01
ダイハツ,62,ban,2020-03-01
三菱,,ban,2020-03-01
スバル,,ban,2020-03-01
ホンダ,3692,ban,2020-03-01
マツダ,,ban,2020-03-01
日産,,ban,2020-03-01
トヨタ,,ban,2020-03-01
その他,,ban,2020-03-01
合計,4386,ban,2020-03-01
スズキ,6906,camp,2020-03-01
ダイハツ,6643,camp,2020-03-01
三菱,863,camp,2020-03-01
スバル,453,camp,2020-03-01
ホンダ,,camp,2020-03-01
マツダ,681,camp,2020-03-01
日産,3191,camp,2020-03-01
トヨタ,703,camp,2020-03-01
その他,,camp,2020-03-01
合計,19440,camp,2020-03-01
スズキ,7041,track,2020-03-01
ダイハツ,7783,track,2020-03-01
三菱,452,track,2020-03-01
スバル,496,track,2020-03-01
ホンダ,1638,track,2020-03-01
マツダ,446,track,2020-03-01
日産,1105,track,2020-03-01
トヨタ,354,track,2020-03-01
その他,,track,2020-03-01
合計,19315,track,2020-03-01
スズキ,44329,all,2023-06-01
ダイハツ,41077,all,2023-06-01
三菱,4573,all,2023-06-01
スバル,1269,all,2023-06-01
ホンダ,22166,all,2023-06-01
マツダ,2804,all,2023-06-01
日産,14073,all,2023-06-01
トヨタ,2617,all,2023-06-01
その他,17,all,2023-06-01
合計,132925,all,2023-06-01
スズキ,32873,passenger,2023-06-01
ダイハツ,33308,passenger,2023-06-01
三菱,3875,passenger,2023-06-01
スバル,781,passenger,2023-06-01
ホンダ,19851,passenger,2023-06-01
マツダ,2112,passenger,2023-06-01
日産,10920,passenger,2023-06-01
トヨタ,1540,passenger,2023-06-01
その他,13,passenger,2023-06-01
合計,105273,passenger,2023-06-01
スズキ,11456,cargo,2023-06-01
ダイハツ,7769,cargo,2023-06-01
三菱,698,cargo,2023-06-01
スバル,488,cargo,2023-06-01
ホンダ,2315,cargo,2023-06-01
マツダ,692,cargo,2023-06-01
日産,3153,cargo,2023-06-01
トヨタ,1077,cargo,2023-06-01
その他,4,cargo,2023-06-01
合計,27652,cargo,2023-06-01
スズキ,930,ban,2023-06-01
ダイハツ,,ban,2023-06-01
三菱,,ban,2023-06-01
スバル,,ban,2023-06-01
ホンダ,2314,ban,2023-06-01
マツダ,,ban,2023-06-01
日産,,ban,2023-06-01
トヨタ,,ban,2023-06-01
その他,,ban,2023-06-01
合計,3244,ban,2023-06-01
スズキ,6094,camp,2023-06-01
ダイハツ,4330,camp,2023-06-01
三菱,481,camp,2023-06-01
スバル,288,camp,2023-06-01
ホンダ,,camp,2023-06-01
マツダ,539,camp,2023-06-01
日産,2419,camp,2023-06-01
トヨタ,718,camp,2023-06-01
その他,2,camp,2023-06-01
合計,14871,camp,2023-06-01
スズキ,4432,track,2023-06-01
ダイハツ,3439,track,2023-06-01
三菱,217,track,2023-06-01
スバル,200,track,2023-06-01
ホンダ,1,track,2023-06-01
マツダ,153,track,2023-06-01
日産,734,track,2023-06-01
トヨタ,359,track,2023-06-01
その他,2,track,2023-06-01
合計,9537,track,2023-06-01
スズキ,34829,all,2021-10-01
ダイハツ,30062,all,2021-10-01
三菱,3039,all,2021-10-01
スバル,822,all,2021-10-01
ホンダ,13474,all,2021-10-01
マツダ,1995,all,2021-10-01
日産,16008,all,2021-10-01
トヨタ,2364,all,2021-10-01
その他,5,all,2021-10-01
合計,102598,all,2021-10-01
スズキ,27725,passenger,2021-10-01
ダイハツ,19548,passenger,2021-10-01
三菱,2541,passenger,2021-10-01
スバル,348,passenger,2021-10-01
ホンダ,12838,passenger,2021-10-01
マツダ,1558,passenger,2021-10-01
日産,13981,passenger,2021-10-01
トヨタ,1348,passenger,2021-10-01
その他,4,passenger,2021-10-01
合計,79891,passenger,2021-10-01
スズキ,7104,cargo,2021-10-01
ダイハツ,10514,cargo,2021-10-01
三菱,498,cargo,2021-10-01
スバル,474,cargo,2021-10-01
ホンダ,636,cargo,2021-10-01
マツダ,437,cargo,2021-10-01
日産,2027,cargo,2021-10-01
トヨタ,1016,cargo,2021-10-01
その他,1,cargo,2021-10-01
合計,22707,cargo,2021-10-01
スズキ,33,ban,2021-10-01
ダイハツ,,ban,2021-10-01
三菱,,ban,2021-10-01
スバル,,ban,2021-10-01
ホンダ,342,ban,2021-10-01
マツダ,,ban,2021-10-01
日産,,ban,2021-10-01
トヨタ,,ban,2021-10-01
その他,,ban,2021-10-01
合計,375,ban,2021-10-01
スズキ,5199,camp,2021-10-01
ダイハツ,5693,camp,2021-10-01
三菱,382,camp,2021-10-01
スバル,283,camp,2021-10-01
ホンダ,,camp,2021-10-01
マツダ,376,camp,2021-10-01
日産,1655,camp,2021-10-01
トヨタ,723,camp,2021-10-01
その他,1,camp,2021-10-01
合計,14312,camp,2021-10-01
スズキ,1872,track,2021-10-01
ダイハツ,4821,track,2021-10-01
三菱,116,track,2021-10-01
スバル,191,track,2021-10-01
ホンダ,294,track,2021-10-01
マツダ,61,track,2021-10-01
日産,372,track,2021-10-01
トヨタ,293,track,2021-10-01
その他,,track,2021-10-01
合計,8020,track,2021-10-01
スズキ,43581,all,2021-04-01
ダイハツ,45682,all,2021-04-01
三菱,2603,all,2021-04-01
スバル,1610,all,2021-04-01
ホンダ,27083,all,2021-04-01
マツダ,2388,all,2021-04-01
日産,12499,all,2021-04-01
トヨタ,4088,all,2021-04-01
その他,7,all,2021-04-01
合計,139541,all,2021-04-01
スズキ,32978,passenger,2021-04-01
ダイハツ,32920,passenger,2021-04-01
三菱,2021,passenger,2021-04-01
スバル,962,passenger,2021-04-01
ホンダ,22838,passenger,2021-04-01
マツダ,1895,passenger,2021-04-01
日産,9861,passenger,2021-04-01
トヨタ,2155,passenger,2021-04-01
その他,7,passenger,2021-04-01
合計,105637,passenger,2021-04-01
スズキ,10603,cargo,2021-04-01
ダイハツ,12762,cargo,2021-04-01
三菱,582,cargo,2021-04-01
スバル,648,cargo,2021-04-01
ホンダ,4245,cargo,2021-04-01
マツダ,493,cargo,2021-04-01
日産,2638,cargo,2021-04-01
トヨタ,1933,cargo,2021-04-01
その他,,cargo,2021-04-01
合計,33904,cargo,2021-04-01
スズキ,382,ban,2021-04-01
ダイハツ,12,ban,2021-04-01
三菱,,ban,2021-04-01
スバル,,ban,2021-04-01
ホンダ,2285,ban,2021-04-01
マツダ,,ban,2021-04-01
日産,,ban,2021-04-01
トヨタ,,ban,2021-04-01
その他,,ban,2021-04-01
合計,2679,ban,2021-04-01
スズキ,5458,camp,2021-04-01
ダイハツ,5700,camp,2021-04-01
三菱,385,camp,2021-04-01
スバル,333,camp,2021-04-01
ホンダ,,camp,2021-04-01
マツダ,341,camp,2021-04-01
日産,1997,camp,2021-04-01
トヨタ,1188,camp,2021-04-01
その他,,camp,2021-04-01
合計,15402,camp,2021-04-01
スズキ,4763,track,2021-04-01
ダイハツ,7050,track,2021-04-01
三菱,197,track,2021-04-01
スバル,315,track,2021-04-01
ホンダ,1960,track,2021-04-01
マツダ,152,track,2021-04-01
日産,641,track,2021-04-01
トヨタ,745,track,2021-04-01
その他,,track,2021-04-01
合計,15823,track,2021-04-01
スズキ,40310,all,2021-05-01
ダイハツ,39449,all,2021-05-01
三菱,2597,all,2021-05-01
スバル,1572,all,2021-05-01
ホンダ,22700,all,2021-05-01
マツダ,2332,all,2021-05-01
日産,13167,all,2021-05-01
トヨタ,3440,all,2021-05-01
その他,1,all,2021-05-01
合計,125568,all,2021-05-01
スズキ,30919,passenger,2021-05-01
ダイハツ,28047,passenger,2021-05-01
三菱,1951,passenger,2021-05-01
スバル,870,passenger,2021-05-01
ホンダ,19901,passenger,2021-05-01
マツダ,1802,passenger,2021-05-01
日産,10322,passenger,2021-05-01
トヨタ,1777,passenger,2021-05-01
その他,1,passenger,2021-05-01
合計,95590,passenger,2021-05-01
スズキ,9391,cargo,2021-05-01
ダイハツ,11402,cargo,2021-05-01
三菱,646,cargo,2021-05-01
スバル,702,cargo,2021-05-01
ホンダ,2799,cargo,2021-05-01
マツダ,530,cargo,2021-05-01
日産,2845,cargo,2021-05-01
トヨタ,1663,cargo,2021-05-01
その他,,cargo,2021-05-01
合計,29978,cargo,2021-05-01
スズキ,377,ban,2021-05-01
ダイハツ,4,ban,2021-05-01
三菱,,ban,2021-05-01
スバル,,ban,2021-05-01
ホンダ,1451,ban,2021-05-01
マツダ,,ban,2021-05-01
日産,,ban,2021-05-01
トヨタ,,ban,2021-05-01
その他,,ban,2021-05-01
合計,1832,ban,2021-05-01
スズキ,4742,camp,2021-05-01
ダイハツ,4911,camp,2021-05-01
三菱,375,camp,2021-05-01
スバル,302,camp,2021-05-01
ホンダ,,camp,2021-05-01
マツダ,371,camp,2021-05-01
日産,2180,camp,2021-05-01
トヨタ,1021,camp,2021-05-01
その他,,camp,2021-05-01
合計,13902,camp,2021-05-01
スズキ,4272,track,2021-05-01
ダイハツ,6487,track,2021-05-01
三菱,271,track,2021-05-01
スバル,400,track,2021-05-01
ホンダ,1348,track,2021-05-01
マツダ,159,track,2021-05-01
日産,665,track,2021-05-01
トヨタ,642,track,2021-05-01
その他,,track,2021-05-01
合計,14244,track,2021-05-01
スズキ,42331,all,2021-11-01
ダイハツ,44238,all,2021-11-01
三菱,2524,all,2021-11-01
スバル,1086,all,2021-11-01
ホンダ,23021,all,2021-11-01
マツダ,2799,all,2021-11-01
日産,14384,all,2021-11-01
トヨタ,2794,all,2021-11-01
その他,2,all,2021-11-01
合計,133179,all,2021-11-01
スズキ,33110,passenger,2021-11-01
ダイハツ,30982,passenger,2021-11-01
三菱,1939,passenger,2021-11-01
スバル,575,passenger,2021-11-01
ホンダ,20840,passenger,2021-11-01
マツダ,2141,passenger,2021-11-01
日産,11635,passenger,2021-11-01
トヨタ,1719,passenger,2021-11-01
その他,1,passenger,2021-11-01
合計,102942,passenger,2021-11-01
スズキ,9221,cargo,2021-11-01
ダイハツ,13256,cargo,2021-11-01
三菱,585,cargo,2021-11-01
スバル,511,cargo,2021-11-01
ホンダ,2181,cargo,2021-11-01
マツダ,658,cargo,2021-11-01
日産,2749,cargo,2021-11-01
トヨタ,1075,cargo,2021-11-01
その他,1,cargo,2021-11-01
合計,30237,cargo,2021-11-01
スズキ,22,ban,2021-11-01
ダイハツ,,ban,2021-11-01
三菱,,ban,2021-11-01
スバル,,ban,2021-11-01
ホンダ,1958,ban,2021-11-01
マツダ,,ban,2021-11-01
日産,,ban,2021-11-01
トヨタ,,ban,2021-11-01
その他,,ban,2021-11-01
合計,1980,ban,2021-11-01
スズキ,5656,camp,2021-11-01
ダイハツ,7331,camp,2021-11-01
三菱,430,camp,2021-11-01
スバル,211,camp,2021-11-01
ホンダ,,camp,2021-11-01
マツダ,485,camp,2021-11-01
日産,2126,camp,2021-11-01
トヨタ,568,camp,2021-11-01
その他,,camp,2021-11-01
合計,16807,camp,2021-11-01
スズキ,3543,track,2021-11-01
ダイハツ,5925,track,2021-11-01
三菱,155,track,2021-11-01
スバル,300,track,2021-11-01
ホンダ,223,track,2021-11-01
マツダ,173,track,2021-11-01
日産,623,track,2021-11-01
トヨタ,507,track,2021-11-01
その他,1,track,2021-11-01
合計,11450,track,2021-11-01
スズキ,45392,all,2023-07-01
ダイハツ,30993,all,2023-07-01
三菱,4472,all,2023-07-01
スバル,893,all,2023-07-01
ホンダ,24086,all,2023-07-01
マツダ,3307,all,2023-07-01
日産,15320,all,2023-07-01
トヨタ,1318,all,2023-07-01
その他,30,all,2023-07-01
合計,125811,all,2023-07-01
スズキ,34260,passenger,2023-07-01
ダイハツ,23606,passenger,2023-07-01
三菱,3775,passenger,2023-07-01
スバル,427,passenger,2023-07-01
ホンダ,21814,passenger,2023-07-01
マツダ,2689,passenger,2023-07-01
日産,12052,passenger,2023-07-01
トヨタ,714,passenger,2023-07-01
その他,3,passenger,2023-07-01
合計,99340,passenger,2023-07-01
スズキ,11132,cargo,2023-07-01
ダイハツ,7387,cargo,2023-07-01
三菱,697,cargo,2023-07-01
スバル,466,cargo,2023-07-01
ホンダ,2272,cargo,2023-07-01
マツダ,618,cargo,2023-07-01
日産,3268,cargo,2023-07-01
トヨタ,604,cargo,2023-07-01
その他,27,cargo,2023-07-01
合計,26471,cargo,2023-07-01
スズキ,811,ban,2023-07-01
ダイハツ,,ban,2023-07-01
三菱,,ban,2023-07-01
スバル,,ban,2023-07-01
ホンダ,2271,ban,2023-07-01
マツダ,,ban,2023-07-01
日産,,ban,2023-07-01
トヨタ,,ban,2023-07-01
その他,1,ban,2023-07-01
合計,3083,ban,2023-07-01
スズキ,5031,camp,2023-07-01
ダイハツ,4067,camp,2023-07-01
三菱,483,camp,2023-07-01
スバル,261,camp,2023-07-01
ホンダ,,camp,2023-07-01
マツダ,441,camp,2023-07-01
日産,2327,camp,2023-07-01
トヨタ,395,camp,2023-07-01
その他,26,camp,2023-07-01
合計,13031,camp,2023-07-01
スズキ,5290,track,2023-07-01
ダイハツ,3320,track,2023-07-01
三菱,214,track,2023-07-01
スバル,205,track,2023-07-01
ホンダ,1,track,2023-07-01
マツダ,177,track,2023-07-01
日産,941,track,2023-07-01
トヨタ,209,track,2023-07-01
その他,,track,2023-07-01
合計,10357,track,2023-07-01
スズキ,37714,all,2023-05-01
ダイハツ,40185,all,2023-05-01
三菱,3551,all,2023-05-01
スバル,1391,all,2023-05-01
ホンダ,19414,all,2023-05-01
マツダ,2799,all,2023-05-01
日産,11990,all,2023-05-01
トヨタ,3013,all,2023-05-01
その他,11,all,2023-05-01
合計,120068,all,2023-05-01
スズキ,28400,passenger,2023-05-01
ダイハツ,29576,passenger,2023-05-01
三菱,3022,passenger,2023-05-01
スバル,734,passenger,2023-05-01
ホンダ,17504,passenger,2023-05-01
マツダ,2262,passenger,2023-05-01
日産,9285,passenger,2023-05-01
トヨタ,1447,passenger,2023-05-01
その他,8,passenger,2023-05-01
合計,92238,passenger,2023-05-01
スズキ,9314,cargo,2023-05-01
ダイハツ,10609,cargo,2023-05-01
三菱,529,cargo,2023-05-01
スバル,657,cargo,2023-05-01
ホンダ,1910,cargo,2023-05-01
マツダ,537,cargo,2023-05-01
日産,2705,cargo,2023-05-01
トヨタ,1566,cargo,2023-05-01
その他,3,cargo,2023-05-01
合計,27830,cargo,2023-05-01
スズキ,869,ban,2023-05-01
ダイハツ,,ban,2023-05-01
三菱,,ban,2023-05-01
スバル,,ban,2023-05-01
ホンダ,1909,ban,2023-05-01
マツダ,,ban,2023-05-01
日産,,ban,2023-05-01
トヨタ,,ban,2023-05-01
その他,2,ban,2023-05-01
合計,2780,ban,2023-05-01
スズキ,4513,camp,2023-05-01
ダイハツ,5554,camp,2023-05-01
三菱,342,camp,2023-05-01
スバル,358,camp,2023-05-01
ホンダ,,camp,2023-05-01
マツダ,400,camp,2023-05-01
日産,1980,camp,2023-05-01
トヨタ,1098,camp,2023-05-01
その他,1,camp,2023-05-01
合計,14246,camp,2023-05-01
スズキ,3932,track,2023-05-01
ダイハツ,5055,track,2023-05-01
三菱,187,track,2023-05-01
スバル,299,track,2023-05-01
ホンダ,1,track,2023-05-01
マツダ,137,track,2023-05-01
日産,725,track,2023-05-01
トヨタ,468,track,2023-05-01
その他,,track,2023-05-01
合計,10804,track,2023-05-01
スズキ,36446,all,2021-07-01
ダイハツ,46646,all,2021-07-01
三菱,3157,all,2021-07-01
スバル,1713,all,2021-07-01
ホンダ,26937,all,2021-07-01
マツダ,2495,all,2021-07-01
日産,9930,all,2021-07-01
トヨタ,2973,all,2021-07-01
その他,3,all,2021-07-01
合計,130300,all,2021-07-01
スズキ,26739,passenger,2021-07-01
ダイハツ,32201,passenger,2021-07-01
三菱,2421,passenger,2021-07-01
スバル,854,passenger,2021-07-01
ホンダ,23313,passenger,2021-07-01
マツダ,2003,passenger,2021-07-01
日産,7316,passenger,2021-07-01
トヨタ,1906,passenger,2021-07-01
その他,3,passenger,2021-07-01
合計,96756,passenger,2021-07-01
スズキ,9707,cargo,2021-07-01
ダイハツ,14445,cargo,2021-07-01
三菱,736,cargo,2021-07-01
スバル,859,cargo,2021-07-01
ホンダ,3624,cargo,2021-07-01
マツダ,492,cargo,2021-07-01
日産,2614,cargo,2021-07-01
トヨタ,1067,cargo,2021-07-01
その他,,cargo,2021-07-01
合計,33544,cargo,2021-07-01
スズキ,189,ban,2021-07-01
ダイハツ,,ban,2021-07-01
三菱,,ban,2021-07-01
スバル,,ban,2021-07-01
ホンダ,2972,ban,2021-07-01
マツダ,,ban,2021-07-01
日産,,ban,2021-07-01
トヨタ,,ban,2021-07-01
その他,,ban,2021-07-01
合計,3161,ban,2021-07-01
スズキ,5305,camp,2021-07-01
ダイハツ,6619,camp,2021-07-01
三菱,409,camp,2021-07-01
スバル,403,camp,2021-07-01
ホンダ,,camp,2021-07-01
マツダ,344,camp,2021-07-01
日産,1968,camp,2021-07-01
トヨタ,710,camp,2021-07-01
その他,,camp,2021-07-01
合計,15758,camp,2021-07-01
スズキ,4213,track,2021-07-01
ダイハツ,7826,track,2021-07-01
三菱,327,track,2021-07-01
スバル,456,track,2021-07-01
ホンダ,652,track,2021-07-01
マツダ,148,track,2021-07-01
日産,646,track,2021-07-01
トヨタ,357,track,2021-07-01
その他,,track,2021-07-01
合計,14625,track,2021-07-01
スズキ,38327,all,2021-12-01
ダイハツ,44863,all,2021-12-01
三菱,1750,all,2021-12-01
スバル,847,all,2021-12-01
ホンダ,21893,all,2021-12-01
マツダ,1874,all,2021-12-01
日産,6105,all,2021-12-01
トヨタ,1996,all,2021-12-01
その他,5,all,2021-12-01
合計,117660,all,2021-12-01
スズキ,27916,passenger,2021-12-01
ダイハツ,33798,passenger,2021-12-01
三菱,1218,passenger,2021-12-01
スバル,640,passenger,2021-12-01
ホンダ,18615,passenger,2021-12-01
マツダ,1361,passenger,2021-12-01
日産,3596,passenger,2021-12-01
トヨタ,1694,passenger,2021-12-01
その他,4,passenger,2021-12-01
合計,88842,passenger,2021-12-01
スズキ,10411,cargo,2021-12-01
ダイハツ,11065,cargo,2021-12-01
三菱,532,cargo,2021-12-01
スバル,207,cargo,2021-12-01
ホンダ,3278,cargo,2021-12-01
マツダ,513,cargo,2021-12-01
日産,2509,cargo,2021-12-01
トヨタ,302,cargo,2021-12-01
その他,1,cargo,2021-12-01
合計,28818,cargo,2021-12-01
スズキ,7,ban,2021-12-01
ダイハツ,,ban,2021-12-01
三菱,,ban,2021-12-01
スバル,,ban,2021-12-01
ホンダ,3109,ban,2021-12-01
マツダ,,ban,2021-12-01
日産,,ban,2021-12-01
トヨタ,,ban,2021-12-01
その他,,ban,2021-12-01
合計,3116,ban,2021-12-01
スズキ,4480,camp,2021-12-01
ダイハツ,6699,camp,2021-12-01
三菱,323,camp,2021-12-01
スバル,95,camp,2021-12-01
ホンダ,,camp,2021-12-01
マツダ,364,camp,2021-12-01
日産,1988,camp,2021-12-01
トヨタ,155,camp,2021-12-01
その他,,camp,2021-12-01
合計,14104,camp,2021-12-01
スズキ,5924,track,2021-12-01
ダイハツ,4366,track,2021-12-01
三菱,209,track,2021-12-01
スバル,112,track,2021-12-01
ホンダ,169,track,2021-12-01
マツダ,149,track,2021-12-01
日産,521,track,2021-12-01
トヨタ,147,track,2021-12-01
その他,1,track,2021-12-01
合計,11598,track,2021-12-01
スズキ,34832,all,2021-06-01
ダイハツ,47361,all,2021-06-01
三菱,3233,all,2021-06-01
スバル,1681,all,2021-06-01
ホンダ,27239,all,2021-06-01
マツダ,2382,all,2021-06-01
日産,11106,all,2021-06-01
トヨタ,3100,all,2021-06-01
その他,,all,2021-06-01
合計,130934,all,2021-06-01
スズキ,27174,passenger,2021-06-01
ダイハツ,32015,passenger,2021-06-01
三菱,2513,passenger,2021-06-01
スバル,892,passenger,2021-06-01
ホンダ,23789,passenger,2021-06-01
マツダ,1926,passenger,2021-06-01
日産,8317,passenger,2021-06-01
トヨタ,1889,passenger,2021-06-01
その他,,passenger,2021-06-01
合計,98515,passenger,2021-06-01
スズキ,7658,cargo,2021-06-01
ダイハツ,15346,cargo,2021-06-01
三菱,720,cargo,2021-06-01
スバル,789,cargo,2021-06-01
ホンダ,3450,cargo,2021-06-01
マツダ,456,cargo,2021-06-01
日産,2789,cargo,2021-06-01
トヨタ,1211,cargo,2021-06-01
その他,,cargo,2021-06-01
合計,32419,cargo,2021-06-01
スズキ,294,ban,2021-06-01
ダイハツ,2,ban,2021-06-01
三菱,,ban,2021-06-01
スバル,,ban,2021-06-01
ホンダ,2417,ban,2021-06-01
マツダ,,ban,2021-06-01
日産,,ban,2021-06-01
トヨタ,,ban,2021-06-01
その他,,ban,2021-06-01
合計,2713,ban,2021-06-01
スズキ,4232,camp,2021-06-01
ダイハツ,7580,camp,2021-06-01
三菱,421,camp,2021-06-01
スバル,356,camp,2021-06-01
ホンダ,,camp,2021-06-01
マツダ,318,camp,2021-06-01
日産,2214,camp,2021-06-01
トヨタ,811,camp,2021-06-01
その他,,camp,2021-06-01
合計,15932,camp,2021-06-01
スズキ,3132,track,2021-06-01
ダイハツ,7764,track,2021-06-01
三菱,299,track,2021-06-01
スバル,433,track,2021-06-01
ホンダ,1033,track,2021-06-01
マツダ,138,track,2021-06-01
日産,575,track,2021-06-01
トヨタ,400,track,2021-06-01
その他,,track,2021-06-01
合計,13774,track,2021-06-01
スズキ,44992,all,2023-10-01
ダイハツ,52479,all,2023-10-01
三菱,5759,all,2023-10-01
スバル,1225,all,2023-10-01
ホンダ,30327,all,2023-10-01
マツダ,3164,all,2023-10-01
日産,14136,all,2023-10-01
トヨタ,2432,all,2023-10-01
その他,14,all,2023-10-01
合計,154528,all,2023-10-01
スズキ,34712,passenger,2023-10-01
ダイハツ,36440,passenger,2023-10-01
三菱,4826,passenger,2023-10-01
スバル,730,passenger,2023-10-01
ホンダ,28391,passenger,2023-10-01
マツダ,2622,passenger,2023-10-01
日産,11086,passenger,2023-10-01
トヨタ,984,passenger,2023-10-01
その他,11,passenger,2023-10-01
合計,119802,passenger,2023-10-01
スズキ,10280,cargo,2023-10-01
ダイハツ,16039,cargo,2023-10-01
三菱,933,cargo,2023-10-01
スバル,495,cargo,2023-10-01
ホンダ,1936,cargo,2023-10-01
マツダ,542,cargo,2023-10-01
日産,3050,cargo,2023-10-01
トヨタ,1448,cargo,2023-10-01
その他,3,cargo,2023-10-01
合計,34726,cargo,2023-10-01
スズキ,696,ban,2023-10-01
ダイハツ,,ban,2023-10-01
三菱,,ban,2023-10-01
スバル,,ban,2023-10-01
ホンダ,1935,ban,2023-10-01
マツダ,,ban,2023-10-01
日産,,ban,2023-10-01
トヨタ,,ban,2023-10-01
その他,,ban,2023-10-01
合計,2631,ban,2023-10-01
スズキ,5266,camp,2023-10-01
ダイハツ,7783,camp,2023-10-01
三菱,704,camp,2023-10-01
スバル,207,camp,2023-10-01
ホンダ,,camp,2023-10-01
マツダ,398,camp,2023-10-01
日産,2310,camp,2023-10-01
トヨタ,1003,camp,2023-10-01
その他,2,camp,2023-10-01
合計,17673,camp,2023-10-01
スズキ,4318,track,2023-10-01
ダイハツ,8256,track,2023-10-01
三菱,229,track,2023-10-01
スバル,288,track,2023-10-01
ホンダ,1,track,2023-10-01
マツダ,144,track,2023-10-01
日産,740,track,2023-10-01
トヨタ,445,track,2023-10-01
その他,1,track,2023-10-01
合計,14422,track,2023-10-01
スズキ,39265,all,2023-04-01
ダイハツ,48948,all,2023-04-01
三菱,2133,all,2023-04-01
スバル,1516,all,2023-04-01
ホンダ,21008,all,2023-04-01
マツダ,2861,all,2023-04-01
日産,10853,all,2023-04-01
トヨタ,3012,all,2023-04-01
その他,9,all,2023-04-01
合計,129605,all,2023-04-01
スズキ,29362,passenger,2023-04-01
ダイハツ,34136,passenger,2023-04-01
三菱,1666,passenger,2023-04-01
スバル,757,passenger,2023-04-01
ホンダ,18611,passenger,2023-04-01
マツダ,2265,passenger,2023-04-01
日産,8509,passenger,2023-04-01
トヨタ,1176,passenger,2023-04-01
その他,1,passenger,2023-04-01
合計,96483,passenger,2023-04-01
スズキ,9903,cargo,2023-04-01
ダイハツ,14812,cargo,2023-04-01
三菱,467,cargo,2023-04-01
スバル,759,cargo,2023-04-01
ホンダ,2397,cargo,2023-04-01
マツダ,596,cargo,2023-04-01
日産,2344,cargo,2023-04-01
トヨタ,1836,cargo,2023-04-01
その他,8,cargo,2023-04-01
合計,33122,cargo,2023-04-01
スズキ,966,ban,2023-04-01
ダイハツ,,ban,2023-04-01
三菱,,ban,2023-04-01
スバル,,ban,2023-04-01
ホンダ,2396,ban,2023-04-01
マツダ,,ban,2023-04-01
日産,,ban,2023-04-01
トヨタ,,ban,2023-04-01
その他,,ban,2023-04-01
合計,3362,ban,2023-04-01
スズキ,4930,camp,2023-04-01
ダイハツ,8113,camp,2023-04-01
三菱,308,camp,2023-04-01
スバル,345,camp,2023-04-01
ホンダ,,camp,2023-04-01
マツダ,448,camp,2023-04-01
日産,1766,camp,2023-04-01
トヨタ,1284,camp,2023-04-01
その他,8,camp,2023-04-01
合計,17202,camp,2023-04-01
スズキ,4007,track,2023-04-01
ダイハツ,6699,track,2023-04-01
三菱,159,track,2023-04-01
スバル,414,track,2023-04-01
ホンダ,1,track,2023-04-01
マツダ,148,track,2023-04-01
日産,578,track,2023-04-01
トヨタ,552,track,2023-04-01
その他,,track,2023-04-01
合計,12558,track,2023-04-01
スズキ,52654,all,2021-02-01
ダイハツ,51531,all,2021-02-01
三菱,5060,all,2021-02-01
スバル,2264,all,2021-02-01
ホンダ,30343,all,2021-02-01
マツダ,3349,all,2021-02-01
日産,21857,all,2021-02-01
トヨタ,2866,all,2021-02-01
その他,2,all,2021-02-01
合計,169926,all,2021-02-01
スズキ,41876,passenger,2021-02-01
ダイハツ,39061,passenger,2021-02-01
三菱,4018,passenger,2021-02-01
スバル,1472,passenger,2021-02-01
ホンダ,25925,passenger,2021-02-01
マツダ,2676,passenger,2021-02-01
日産,18163,passenger,2021-02-01
トヨタ,1744,passenger,2021-02-01
その他,2,passenger,2021-02-01
合計,134937,passenger,2021-02-01
スズキ,10778,cargo,2021-02-01
ダイハツ,12470,cargo,2021-02-01
三菱,1042,cargo,2021-02-01
スバル,792,cargo,2021-02-01
ホンダ,4418,cargo,2021-02-01
マツダ,673,cargo,2021-02-01
日産,3694,cargo,2021-02-01
トヨタ,1122,cargo,2021-02-01
その他,,cargo,2021-02-01
合計,34989,cargo,2021-02-01
スズキ,309,ban,2021-02-01
ダイハツ,51,ban,2021-02-01
三菱,,ban,2021-02-01
スバル,,ban,2021-02-01
ホンダ,1993,ban,2021-02-01
マツダ,,ban,2021-02-01
日産,,ban,2021-02-01
トヨタ,,ban,2021-02-01
その他,,ban,2021-02-01
合計,2353,ban,2021-02-01
スズキ,5216,camp,2021-02-01
ダイハツ,5583,camp,2021-02-01
三菱,707,camp,2021-02-01
スバル,348,camp,2021-02-01
ホンダ,,camp,2021-02-01
マツダ,458,camp,2021-02-01
日産,2899,camp,2021-02-01
トヨタ,721,camp,2021-02-01
その他,,camp,2021-02-01
合計,15932,camp,2021-02-01
スズキ,5253,track,2021-02-01
ダイハツ,6836,track,2021-02-01
三菱,335,track,2021-02-01
スバル,444,track,2021-02-01
ホンダ,2425,track,2021-02-01
マツダ,215,track,2021-02-01
日産,795,track,2021-02-01
トヨタ,401,track,2021-02-01
その他,,track,2021-02-01
合計,16704,track,2021-02-01
スズキ,70352,all,2021-03-01
ダイハツ,67226,all,2021-03-01
三菱,7567,all,2021-03-01
スバル,2603,all,2021-03-01
ホンダ,45935,all,2021-03-01
マツダ,4106,all,2021-03-01
日産,27385,all,2021-03-01
トヨタ,3704,all,2021-03-01
その他,11,all,2021-03-01
合計,228889,all,2021-03-01
スズキ,56359,passenger,2021-03-01
ダイハツ,50893,passenger,2021-03-01
三菱,6264,passenger,2021-03-01
スバル,1620,passenger,2021-03-01
ホンダ,37958,passenger,2021-03-01
マツダ,3172,passenger,2021-03-01
日産,22578,passenger,2021-03-01
トヨタ,2292,passenger,2021-03-01
その他,11,passenger,2021-03-01
合計,181147,passenger,2021-03-01
スズキ,13993,cargo,2021-03-01
ダイハツ,16333,cargo,2021-03-01
三菱,1303,cargo,2021-03-01
スバル,983,cargo,2021-03-01
ホンダ,7977,cargo,2021-03-01
マツダ,934,cargo,2021-03-01
日産,4807,cargo,2021-03-01
トヨタ,1412,cargo,2021-03-01
その他,,cargo,2021-03-01
合計,47742,cargo,2021-03-01
スズキ,595,ban,2021-03-01
ダイハツ,49,ban,2021-03-01
三菱,,ban,2021-03-01
スバル,,ban,2021-03-01
ホンダ,4642,ban,2021-03-01
マツダ,,ban,2021-03-01
日産,,ban,2021-03-01
トヨタ,,ban,2021-03-01
その他,,ban,2021-03-01
合計,5286,ban,2021-03-01
スズキ,6464,camp,2021-03-01
ダイハツ,7271,camp,2021-03-01
三菱,836,camp,2021-03-01
スバル,538,camp,2021-03-01
ホンダ,,camp,2021-03-01
マツダ,647,camp,2021-03-01
日産,3857,camp,2021-03-01
トヨタ,946,camp,2021-03-01
その他,,camp,2021-03-01
合計,20559,camp,2021-03-01
スズキ,6934,track,2021-03-01
ダイハツ,9013,track,2021-03-01
三菱,467,track,2021-03-01
スバル,445,track,2021-03-01
ホンダ,3335,track,2021-03-01
マツダ,287,track,2021-03-01
日産,950,track,2021-03-01
トヨタ,466,track,2021-03-01
その他,,track,2021-03-01
合計,21897,track,2021-03-01
スズキ,45054,all,2023-01-01
ダイハツ,51219,all,2023-01-01
三菱,4019,all,2023-01-01
スバル,1469,all,2023-01-01
ホンダ,27742,all,2023-01-01
マツダ,3064,all,2023-01-01
日産,17790,all,2023-01-01
トヨタ,2473,all,2023-01-01
その他,11,all,2023-01-01
合計,152841,all,2023-01-01
スズキ,34690,passenger,2023-01-01
ダイハツ,36213,passenger,2023-01-01
三菱,3080,passenger,2023-01-01
スバル,851,passenger,2023-01-01
ホンダ,24753,passenger,2023-01-01
マツダ,2455,passenger,2023-01-01
日産,14730,passenger,2023-01-01
トヨタ,839,passenger,2023-01-01
その他,4,passenger,2023-01-01
合計,117615,passenger,2023-01-01
スズキ,10364,cargo,2023-01-01
ダイハツ,15006,cargo,2023-01-01
三菱,939,cargo,2023-01-01
スバル,618,cargo,2023-01-01
ホンダ,2989,cargo,2023-01-01
マツダ,609,cargo,2023-01-01
日産,3060,cargo,2023-01-01
トヨタ,1634,cargo,2023-01-01
その他,7,cargo,2023-01-01
合計,35226,cargo,2023-01-01
スズキ,1404,ban,2023-01-01
ダイハツ,,ban,2023-01-01
三菱,,ban,2023-01-01
スバル,,ban,2023-01-01
ホンダ,2986,ban,2023-01-01
マツダ,,ban,2023-01-01
日産,,ban,2023-01-01
トヨタ,,ban,2023-01-01
その他,,ban,2023-01-01
合計,4390,ban,2023-01-01
スズキ,4682,camp,2023-01-01
ダイハツ,8091,camp,2023-01-01
三菱,753,camp,2023-01-01
スバル,390,camp,2023-01-01
ホンダ,,camp,2023-01-01
マツダ,413,camp,2023-01-01
日産,2334,camp,2023-01-01
トヨタ,953,camp,2023-01-01
その他,6,camp,2023-01-01
合計,17622,camp,2023-01-01
スズキ,4278,track,2023-01-01
ダイハツ,6915,track,2023-01-01
三菱,186,track,2023-01-01
スバル,228,track,2023-01-01
ホンダ,3,track,2023-01-01
マツダ,196,track,2023-01-01
日産,726,track,2023-01-01
トヨタ,681,track,2023-01-01
その他,1,track,2023-01-01
合計,13214,track,2023-01-01
スズキ,53318,all,2023-03-01
ダイハツ,63080,all,2023-03-01
三菱,5634,all,2023-03-01
スバル,1977,all,2023-03-01
ホンダ,39391,all,2023-03-01
マツダ,3271,all,2023-03-01
日産,23812,all,2023-03-01
トヨタ,3430,all,2023-03-01
その他,24,all,2023-03-01
合計,193937,all,2023-03-01
スズキ,39507,passenger,2023-03-01
ダイハツ,44086,passenger,2023-03-01
三菱,4582,passenger,2023-03-01
スバル,971,passenger,2023-03-01
ホンダ,35623,passenger,2023-03-01
マツダ,2590,passenger,2023-03-01
日産,19163,passenger,2023-03-01
トヨタ,1253,passenger,2023-03-01
その他,6,passenger,2023-03-01
合計,147781,passenger,2023-03-01
スズキ,13811,cargo,2023-03-01
ダイハツ,18994,cargo,2023-03-01
三菱,1052,cargo,2023-03-01
スバル,1006,cargo,2023-03-01
ホンダ,3768,cargo,2023-03-01
マツダ,681,cargo,2023-03-01
日産,4649,cargo,2023-03-01
トヨタ,2177,cargo,2023-03-01
その他,18,cargo,2023-03-01
合計,46156,cargo,2023-03-01
スズキ,1464,ban,2023-03-01
ダイハツ,,ban,2023-03-01
三菱,,ban,2023-03-01
スバル,,ban,2023-03-01
ホンダ,3764,ban,2023-03-01
マツダ,,ban,2023-03-01
日産,,ban,2023-03-01
トヨタ,,ban,2023-03-01
その他,3,ban,2023-03-01
合計,5231,ban,2023-03-01
スズキ,6154,camp,2023-03-01
ダイハツ,10701,camp,2023-03-01
三菱,711,camp,2023-03-01
スバル,560,camp,2023-03-01
ホンダ,,camp,2023-03-01
マツダ,453,camp,2023-03-01
日産,3653,camp,2023-03-01
トヨタ,1455,camp,2023-03-01
その他,14,camp,2023-03-01
合計,23701,camp,2023-03-01
スズキ,6193,track,2023-03-01
ダイハツ,8293,track,2023-03-01
三菱,341,track,2023-03-01
スバル,446,track,2023-03-01
ホンダ,4,track,2023-03-01
マツダ,228,track,2023-03-01
日産,996,track,2023-03-01
トヨタ,722,track,2023-03-01
その他,1,track,2023-03-01
合計,17224,track,2023-03-01
スズキ,45753,all,2021-01-01
ダイハツ,46199,all,2021-01-01
三菱,3372,all,2021-01-01
スバル,1472,all,2021-01-01
ホンダ,27853,all,2021-01-01
マツダ,3074,all,2021-01-01
日産,17784,all,2021-01-01
トヨタ,2331,all,2021-01-01
その他,12,all,2021-01-01
合計,147850,all,2021-01-01
スズキ,35988,passenger,2021-01-01
ダイハツ,34976,passenger,2021-01-01
三菱,2628,passenger,2021-01-01
スバル,875,passenger,2021-01-01
ホンダ,23350,passenger,2021-01-01
マツダ,2481,passenger,2021-01-01
日産,14574,passenger,2021-01-01
トヨタ,1383,passenger,2021-01-01
その他,12,passenger,2021-01-01
合計,116267,passenger,2021-01-01
スズキ,9765,cargo,2021-01-01
ダイハツ,11223,cargo,2021-01-01
三菱,744,cargo,2021-01-01
スバル,597,cargo,2021-01-01
ホンダ,4503,cargo,2021-01-01
マツダ,593,cargo,2021-01-01
日産,3210,cargo,2021-01-01
トヨタ,948,cargo,2021-01-01
その他,,cargo,2021-01-01
合計,31583,cargo,2021-01-01
スズキ,326,ban,2021-01-01
ダイハツ,35,ban,2021-01-01
三菱,,ban,2021-01-01
スバル,,ban,2021-01-01
ホンダ,2314,ban,2021-01-01
マツダ,,ban,2021-01-01
日産,,ban,2021-01-01
トヨタ,,ban,2021-01-01
その他,,ban,2021-01-01
合計,2675,ban,2021-01-01
スズキ,4954,camp,2021-01-01
ダイハツ,4871,camp,2021-01-01
三菱,472,camp,2021-01-01
スバル,254,camp,2021-01-01
ホンダ,,camp,2021-01-01
マツダ,438,camp,2021-01-01
日産,2454,camp,2021-01-01
トヨタ,628,camp,2021-01-01
その他,,camp,2021-01-01
合計,14071,camp,2021-01-01
スズキ,4485,track,2021-01-01
ダイハツ,6317,track,2021-01-01
三菱,272,track,2021-01-01
スバル,343,track,2021-01-01
ホンダ,2189,track,2021-01-01
マツダ,155,track,2021-01-01
日産,756,track,2021-01-01
トヨタ,320,track,2021-01-01
その他,,track,2021-01-01
合計,14837,track,2021-01-01
スズキ,46273,all,2023-02-01
ダイハツ,51131,all,2023-02-01
三菱,4471,all,2023-02-01
スバル,1569,all,2023-02-01
ホンダ,28388,all,2023-02-01
マツダ,3180,all,2023-02-01
日産,19370,all,2023-02-01
トヨタ,2505,all,2023-02-01
その他,2,all,2023-02-01
合計,156889,all,2023-02-01
スズキ,34435,passenger,2023-02-01
ダイハツ,35923,passenger,2023-02-01
三菱,3442,passenger,2023-02-01
スバル,892,passenger,2023-02-01
ホンダ,25401,passenger,2023-02-01
マツダ,2561,passenger,2023-02-01
日産,15964,passenger,2023-02-01
トヨタ,957,passenger,2023-02-01
その他,2,passenger,2023-02-01
合計,119577,passenger,2023-02-01
スズキ,11838,cargo,2023-02-01
ダイハツ,15208,cargo,2023-02-01
三菱,1029,cargo,2023-02-01
スバル,677,cargo,2023-02-01
ホンダ,2987,cargo,2023-02-01
マツダ,619,cargo,2023-02-01
日産,3406,cargo,2023-02-01
トヨタ,1548,cargo,2023-02-01
その他,,cargo,2023-02-01
合計,37312,cargo,2023-02-01
スズキ,1423,ban,2023-02-01
ダイハツ,,ban,2023-02-01
三菱,,ban,2023-02-01
スバル,,ban,2023-02-01
ホンダ,2984,ban,2023-02-01
マツダ,,ban,2023-02-01
日産,,ban,2023-02-01
トヨタ,,ban,2023-02-01
その他,,ban,2023-02-01
合計,4407,ban,2023-02-01
スズキ,5532,camp,2023-02-01
ダイハツ,8237,camp,2023-02-01
三菱,797,camp,2023-02-01
スバル,377,camp,2023-02-01
ホンダ,,camp,2023-02-01
マツダ,450,camp,2023-02-01
日産,2632,camp,2023-02-01
トヨタ,991,camp,2023-02-01
その他,,camp,2023-02-01
合計,19016,camp,2023-02-01
スズキ,4883,track,2023-02-01
ダイハツ,6971,track,2023-02-01
三菱,232,track,2023-02-01
スバル,300,track,2023-02-01
ホンダ,3,track,2023-02-01
マツダ,169,track,2023-02-01
日産,774,track,2023-02-01
トヨタ,557,track,2023-02-01
その他,,track,2023-02-01
合計,13889,track,2023-02-01
スズキ,51061,all,2023-09-01
ダイハツ,52708,all,2023-09-01
三菱,7027,all,2023-09-01
スバル,1507,all,2023-09-01
ホンダ,28628,all,2023-09-01
マツダ,3350,all,2023-09-01
日産,18643,all,2023-09-01
トヨタ,2346,all,2023-09-01
その他,15,all,2023-09-01
合計,165285,all,2023-09-01
スズキ,38323,passenger,2023-09-01
ダイハツ,35562,passenger,2023-09-01
三菱,5708,passenger,2023-09-01
スバル,796,passenger,2023-09-01
ホンダ,26355,passenger,2023-09-01
マツダ,2759,passenger,2023-09-01
日産,15071,passenger,2023-09-01
トヨタ,1001,passenger,2023-09-01
その他,8,passenger,2023-09-01
合計,125583,passenger,2023-09-01
スズキ,12738,cargo,2023-09-01
ダイハツ,17146,cargo,2023-09-01
三菱,1319,cargo,2023-09-01
スバル,711,cargo,2023-09-01
ホンダ,2273,cargo,2023-09-01
マツダ,591,cargo,2023-09-01
日産,3572,cargo,2023-09-01
トヨタ,1345,cargo,2023-09-01
その他,7,cargo,2023-09-01
合計,39702,cargo,2023-09-01
スズキ,899,ban,2023-09-01
ダイハツ,,ban,2023-09-01
三菱,,ban,2023-09-01
スバル,,ban,2023-09-01
ホンダ,2273,ban,2023-09-01
マツダ,,ban,2023-09-01
日産,,ban,2023-09-01
トヨタ,,ban,2023-09-01
その他,1,ban,2023-09-01
合計,3173,ban,2023-09-01
スズキ,5428,camp,2023-09-01
ダイハツ,8431,camp,2023-09-01
三菱,862,camp,2023-09-01
スバル,270,camp,2023-09-01
ホンダ,,camp,2023-09-01
マツダ,435,camp,2023-09-01
日産,2596,camp,2023-09-01
トヨタ,883,camp,2023-09-01
その他,6,camp,2023-09-01
合計,18911,camp,2023-09-01
スズキ,6411,track,2023-09-01
ダイハツ,8715,track,2023-09-01
三菱,457,track,2023-09-01
スバル,441,track,2023-09-01
ホンダ,,track,2023-09-01
マツダ,156,track,2023-09-01
日産,976,track,2023-09-01
トヨタ,462,track,2023-09-01
その他,,track,2023-09-01
合計,17618,track,2023-09-01
スズキ,39865,all,2023-08-01
ダイハツ,39988,all,2023-08-01
三菱,4498,all,2023-08-01
スバル,1053,all,2023-08-01
ホンダ,22682,all,2023-08-01
マツダ,2947,all,2023-08-01
日産,13848,all,2023-08-01
トヨタ,1570,all,2023-08-01
その他,25,all,2023-08-01
合計,126476,all,2023-08-01
スズキ,30359,passenger,2023-08-01
ダイハツ,27302,passenger,2023-08-01
三菱,3886,passenger,2023-08-01
スバル,584,passenger,2023-08-01
ホンダ,20815,passenger,2023-08-01
マツダ,2456,passenger,2023-08-01
日産,10978,passenger,2023-08-01
トヨタ,854,passenger,2023-08-01
その他,4,passenger,2023-08-01
合計,97238,passenger,2023-08-01
スズキ,9506,cargo,2023-08-01
ダイハツ,12686,cargo,2023-08-01
三菱,612,cargo,2023-08-01
スバル,469,cargo,2023-08-01
ホンダ,1867,cargo,2023-08-01
マツダ,491,cargo,2023-08-01
日産,2870,cargo,2023-08-01
トヨタ,716,cargo,2023-08-01
その他,21,cargo,2023-08-01
合計,29238,cargo,2023-08-01
スズキ,664,ban,2023-08-01
ダイハツ,,ban,2023-08-01
三菱,,ban,2023-08-01
スバル,,ban,2023-08-01
ホンダ,1867,ban,2023-08-01
マツダ,,ban,2023-08-01
日産,,ban,2023-08-01
トヨタ,,ban,2023-08-01
その他,5,ban,2023-08-01
合計,2536,ban,2023-08-01
スズキ,4206,camp,2023-08-01
ダイハツ,6583,camp,2023-08-01
三菱,414,camp,2023-08-01
スバル,277,camp,2023-08-01
ホンダ,,camp,2023-08-01
マツダ,347,camp,2023-08-01
日産,2079,camp,2023-08-01
トヨタ,458,camp,2023-08-01
その他,16,camp,2023-08-01
合計,14380,camp,2023-08-01
スズキ,4636,track,2023-08-01
ダイハツ,6103,track,2023-08-01
三菱,198,track,2023-08-01
スバル,192,track,2023-08-01
ホンダ,,track,2023-08-01
マツダ,144,track,2023-08-01
日産,791,track,2023-08-01
トヨタ,258,track,2023-08-01
その他,,track,2023-08-01
合計,12322,track,2023-08-01
スズキ,35914,all,2021-08-01
ダイハツ,37493,all,2021-08-01
三菱,2887,all,2021-08-01
スバル,1290,all,2021-08-01
ホンダ,20202,all,2021-08-01
マツダ,2208,all,2021-08-01
日産,9809,all,2021-08-01
トヨタ,3323,all,2021-08-01
その他,3,all,2021-08-01
合計,113129,all,2021-08-01
スズキ,28312,passenger,2021-08-01
ダイハツ,27536,passenger,2021-08-01
三菱,2313,passenger,2021-08-01
スバル,601,passenger,2021-08-01
ホンダ,17998,passenger,2021-08-01
マツダ,1766,passenger,2021-08-01
日産,7607,passenger,2021-08-01
トヨタ,1936,passenger,2021-08-01
その他,3,passenger,2021-08-01
合計,88072,passenger,2021-08-01
スズキ,7602,cargo,2021-08-01
ダイハツ,9957,cargo,2021-08-01
三菱,574,cargo,2021-08-01
スバル,689,cargo,2021-08-01
ホンダ,2204,cargo,2021-08-01
マツダ,442,cargo,2021-08-01
日産,2202,cargo,2021-08-01
トヨタ,1387,cargo,2021-08-01
その他,,cargo,2021-08-01
合計,25057,cargo,2021-08-01
スズキ,68,ban,2021-08-01
ダイハツ,,ban,2021-08-01
三菱,,ban,2021-08-01
スバル,,ban,2021-08-01
ホンダ,1779,ban,2021-08-01
マツダ,,ban,2021-08-01
日産,,ban,2021-08-01
トヨタ,,ban,2021-08-01
その他,,ban,2021-08-01
合計,1847,ban,2021-08-01
スズキ,4444,camp,2021-08-01
ダイハツ,4652,camp,2021-08-01
三菱,376,camp,2021-08-01
スバル,331,camp,2021-08-01
ホンダ,,camp,2021-08-01
マツダ,330,camp,2021-08-01
日産,1681,camp,2021-08-01
トヨタ,874,camp,2021-08-01
その他,,camp,2021-08-01
合計,12688,camp,2021-08-01
スズキ,3090,track,2021-08-01
ダイハツ,5305,track,2021-08-01
三菱,198,track,2021-08-01
スバル,358,track,2021-08-01
ホンダ,425,track,2021-08-01
マツダ,112,track,2021-08-01
日産,521,track,2021-08-01
トヨタ,513,track,2021-08-01
その他,,track,2021-08-01
合計,10522,track,2021-08-01
スズキ,33840,all,2021-09-01
ダイハツ,31952,all,2021-09-01
三菱,5355,all,2021-09-01
スバル,1238,all,2021-09-01
ホンダ,18717,all,2021-09-01
マツダ,2058,all,2021-09-01
日産,17346,all,2021-09-01
トヨタ,2441,all,2021-09-01
その他,1,all,2021-09-01
合計,112948,all,2021-09-01
スズキ,28635,passenger,2021-09-01
ダイハツ,18601,passenger,2021-09-01
三菱,4737,passenger,2021-09-01
スバル,395,passenger,2021-09-01
ホンダ,17438,passenger,2021-09-01
マツダ,1741,passenger,2021-09-01
日産,14717,passenger,2021-09-01
トヨタ,976,passenger,2021-09-01
その他,,passenger,2021-09-01
合計,87240,passenger,2021-09-01
スズキ,5205,cargo,2021-09-01
ダイハツ,13351,cargo,2021-09-01
三菱,618,cargo,2021-09-01
スバル,843,cargo,2021-09-01
ホンダ,1279,cargo,2021-09-01
マツダ,317,cargo,2021-09-01
日産,2629,cargo,2021-09-01
トヨタ,1465,cargo,2021-09-01
その他,1,cargo,2021-09-01
合計,25708,cargo,2021-09-01
スズキ,58,ban,2021-09-01
ダイハツ,2,ban,2021-09-01
三菱,,ban,2021-09-01
スバル,,ban,2021-09-01
ホンダ,885,ban,2021-09-01
マツダ,,ban,2021-09-01
日産,,ban,2021-09-01
トヨタ,,ban,2021-09-01
その他,,ban,2021-09-01
合計,945,ban,2021-09-01
スズキ,3356,camp,2021-09-01
ダイハツ,6116,camp,2021-09-01
三菱,415,camp,2021-09-01
スバル,369,camp,2021-09-01
ホンダ,,camp,2021-09-01
マツダ,241,camp,2021-09-01
日産,1935,camp,2021-09-01
トヨタ,952,camp,2021-09-01
その他,,camp,2021-09-01
合計,13384,camp,2021-09-01
スズキ,1791,track,2021-09-01
ダイハツ,7233,track,2021-09-01
三菱,203,track,2021-09-01
スバル,474,track,2021-09-01
ホンダ,394,track,2021-09-01
マツダ,76,track,2021-09-01
日産,694,track,2021-09-01
トヨタ,513,track,2021-09-01
その他,1,track,2021-09-01
合計,11379,track,2021-09-01
スズキ,41443,all,2020-08-01
ダイハツ,38419,all,2020-08-01
三菱,2701,all,2020-08-01
スバル,1678,all,2020-08-01
ホンダ,24155,all,2020-08-01
マツダ,3234,all,2020-08-01
日産,13634,all,2020-08-01
トヨタ,3334,all,2020-08-01
その他,9,all,2020-08-01
合計,128607,all,2020-08-01
スズキ,32371,passenger,2020-08-01
ダイハツ,29494,passenger,2020-08-01
三菱,2169,passenger,2020-08-01
スバル,935,passenger,2020-08-01
ホンダ,20618,passenger,2020-08-01
マツダ,2533,passenger,2020-08-01
日産,10928,passenger,2020-08-01
トヨタ,1952,passenger,2020-08-01
その他,9,passenger,2020-08-01
合計,101009,passenger,2020-08-01
スズキ,9072,cargo,2020-08-01
ダイハツ,8925,cargo,2020-08-01
三菱,532,cargo,2020-08-01
スバル,743,cargo,2020-08-01
ホンダ,3537,cargo,2020-08-01
マツダ,701,cargo,2020-08-01
日産,2706,cargo,2020-08-01
トヨタ,1382,cargo,2020-08-01
その他,,cargo,2020-08-01
合計,27598,cargo,2020-08-01
スズキ,317,ban,2020-08-01
ダイハツ,50,ban,2020-08-01
三菱,,ban,2020-08-01
スバル,,ban,2020-08-01
ホンダ,2284,ban,2020-08-01
マツダ,,ban,2020-08-01
日産,,ban,2020-08-01
トヨタ,,ban,2020-08-01
その他,,ban,2020-08-01
合計,2651,ban,2020-08-01
スズキ,4544,camp,2020-08-01
ダイハツ,4107,camp,2020-08-01
三菱,346,camp,2020-08-01
スバル,337,camp,2020-08-01
ホンダ,,camp,2020-08-01
マツダ,545,camp,2020-08-01
日産,1758,camp,2020-08-01
トヨタ,887,camp,2020-08-01
その他,,camp,2020-08-01
合計,12524,camp,2020-08-01
スズキ,4211,track,2020-08-01
ダイハツ,4768,track,2020-08-01
三菱,186,track,2020-08-01
スバル,406,track,2020-08-01
ホンダ,1253,track,2020-08-01
マツダ,156,track,2020-08-01
日産,948,track,2020-08-01
トヨタ,495,track,2020-08-01
その他,,track,2020-08-01
合計,12423,track,2020-08-01
スズキ,56211,all,2020-09-01
ダイハツ,51460,all,2020-09-01
三菱,4329,all,2020-09-01
スバル,2026,all,2020-09-01
ホンダ,32417,all,2020-09-01
マツダ,4104,all,2020-09-01
日産,22933,all,2020-09-01
トヨタ,2697,all,2020-09-01
その他,9,all,2020-09-01
合計,176186,all,2020-09-01
スズキ,43896,passenger,2020-09-01
ダイハツ,38197,passenger,2020-09-01
三菱,3368,passenger,2020-09-01
スバル,1171,passenger,2020-09-01
ホンダ,27896,passenger,2020-09-01
マツダ,3329,passenger,2020-09-01
日産,18694,passenger,2020-09-01
トヨタ,1917,passenger,2020-09-01
その他,8,passenger,2020-09-01
合計,138476,passenger,2020-09-01
スズキ,12315,cargo,2020-09-01
ダイハツ,13263,cargo,2020-09-01
三菱,961,cargo,2020-09-01
スバル,855,cargo,2020-09-01
ホンダ,4521,cargo,2020-09-01
マツダ,775,cargo,2020-09-01
日産,4239,cargo,2020-09-01
トヨタ,780,cargo,2020-09-01
その他,1,cargo,2020-09-01
合計,37710,cargo,2020-09-01
スズキ,378,ban,2020-09-01
ダイハツ,49,ban,2020-09-01
三菱,,ban,2020-09-01
スバル,,ban,2020-09-01
ホンダ,2435,ban,2020-09-01
マツダ,,ban,2020-09-01
日産,,ban,2020-09-01
トヨタ,,ban,2020-09-01
その他,,ban,2020-09-01
合計,2862,ban,2020-09-01
スズキ,6362,camp,2020-09-01
ダイハツ,5692,camp,2020-09-01
三菱,589,camp,2020-09-01
スバル,427,camp,2020-09-01
ホンダ,,camp,2020-09-01
マツダ,525,camp,2020-09-01
日産,2921,camp,2020-09-01
トヨタ,520,camp,2020-09-01
その他,,camp,2020-09-01
合計,17036,camp,2020-09-01
スズキ,5575,track,2020-09-01
ダイハツ,7522,track,2020-09-01
三菱,372,track,2020-09-01
スバル,428,track,2020-09-01
ホンダ,2086,track,2020-09-01
マツダ,250,track,2020-09-01
日産,1318,track,2020-09-01
トヨタ,260,track,2020-09-01
その他,1,track,2020-09-01
合計,17812,track,2020-09-01
スズキ,47956,all,2022-09-01
ダイハツ,49207,all,2022-09-01
三菱,4623,all,2022-09-01
スバル,2176,all,2022-09-01
ホンダ,27360,all,2022-09-01
マツダ,2610,all,2022-09-01
日産,17268,all,2022-09-01
トヨタ,1918,all,2022-09-01
その他,3,all,2022-09-01
合計,153121,all,2022-09-01
スズキ,35352,passenger,2022-09-01
ダイハツ,31375,passenger,2022-09-01
三菱,3522,passenger,2022-09-01
スバル,1367,passenger,2022-09-01
ホンダ,24449,passenger,2022-09-01
マツダ,2076,passenger,2022-09-01
日産,14019,passenger,2022-09-01
トヨタ,1154,passenger,2022-09-01
その他,2,passenger,2022-09-01
合計,113316,passenger,2022-09-01
スズキ,12604,cargo,2022-09-01
ダイハツ,17832,cargo,2022-09-01
三菱,1101,cargo,2022-09-01
スバル,809,cargo,2022-09-01
ホンダ,2911,cargo,2022-09-01
マツダ,534,cargo,2022-09-01
日産,3249,cargo,2022-09-01
トヨタ,764,cargo,2022-09-01
その他,1,cargo,2022-09-01
合計,39805,cargo,2022-09-01
スズキ,1453,ban,2022-09-01
ダイハツ,,ban,2022-09-01
三菱,,ban,2022-09-01
スバル,,ban,2022-09-01
ホンダ,2863,ban,2022-09-01
マツダ,,ban,2022-09-01
日産,,ban,2022-09-01
トヨタ,,ban,2022-09-01
その他,,ban,2022-09-01
合計,4316,ban,2022-09-01
スズキ,5624,camp,2022-09-01
ダイハツ,8471,camp,2022-09-01
三菱,736,camp,2022-09-01
スバル,360,camp,2022-09-01
ホンダ,,camp,2022-09-01
マツダ,356,camp,2022-09-01
日産,2481,camp,2022-09-01
トヨタ,510,camp,2022-09-01
その他,1,camp,2022-09-01
合計,18539,camp,2022-09-01
スズキ,5527,track,2022-09-01
ダイハツ,9361,track,2022-09-01
三菱,365,track,2022-09-01
スバル,449,track,2022-09-01
ホンダ,48,track,2022-09-01
マツダ,178,track,2022-09-01
日産,768,track,2022-09-01
トヨタ,254,track,2022-09-01
その他,,track,2022-09-01
合計,16950,track,2022-09-01
スズキ,36377,all,2022-08-01
ダイハツ,35561,all,2022-08-01
三菱,3197,all,2022-08-01
スバル,1437,all,2022-08-01
ホンダ,16538,all,2022-08-01
マツダ,2185,all,2022-08-01
日産,13170,all,2022-08-01
トヨタ,2501,all,2022-08-01
その他,1,all,2022-08-01
合計,110967,all,2022-08-01
スズキ,26428,passenger,2022-08-01
ダイハツ,21192,passenger,2022-08-01
三菱,2486,passenger,2022-08-01
スバル,883,passenger,2022-08-01
ホンダ,14201,passenger,2022-08-01
マツダ,1704,passenger,2022-08-01
日産,10957,passenger,2022-08-01
トヨタ,1976,passenger,2022-08-01
その他,,passenger,2022-08-01
合計,79827,passenger,2022-08-01
スズキ,9949,cargo,2022-08-01
ダイハツ,14369,cargo,2022-08-01
三菱,711,cargo,2022-08-01
スバル,554,cargo,2022-08-01
ホンダ,2337,cargo,2022-08-01
マツダ,481,cargo,2022-08-01
日産,2213,cargo,2022-08-01
トヨタ,525,cargo,2022-08-01
その他,1,cargo,2022-08-01
合計,31140,cargo,2022-08-01
スズキ,976,ban,2022-08-01
ダイハツ,,ban,2022-08-01
三菱,,ban,2022-08-01
スバル,,ban,2022-08-01
ホンダ,2301,ban,2022-08-01
マツダ,,ban,2022-08-01
日産,,ban,2022-08-01
トヨタ,,ban,2022-08-01
その他,,ban,2022-08-01
合計,3277,ban,2022-08-01
スズキ,4716,camp,2022-08-01
ダイハツ,6934,camp,2022-08-01
三菱,524,camp,2022-08-01
スバル,298,camp,2022-08-01
ホンダ,,camp,2022-08-01
マツダ,335,camp,2022-08-01
日産,1640,camp,2022-08-01
トヨタ,373,camp,2022-08-01
その他,1,camp,2022-08-01
合計,14821,camp,2022-08-01
スズキ,4257,track,2022-08-01
ダイハツ,7435,track,2022-08-01
三菱,187,track,2022-08-01
スバル,256,track,2022-08-01
ホンダ,36,track,2022-08-01
マツダ,146,track,2022-08-01
日産,573,track,2022-08-01
トヨタ,152,track,2022-08-01
その他,,track,2022-08-01
合計,13042,track,2022-08-01
